date,txVolume(USD),adjustedTxVolume(USD),txCount,marketcap(USD),price(USD),exchangeVolume(USD),fees,activeAddresses,medianTxValue(USD),medianFee,paymentCount
2017-09-24,,,5,,,,0.699398,8,,0.170894,4
2017-09-25,,,8,,,,0.520637,16,,0.0,3
2017-09-26,,,1,,,,0.178761,4,,0.178761,1
2017-09-27,,,6,,,,0.683577,12,,0.1708065,3
2017-09-28,,,36,,,,2.245973,65,,0.0,12
2017-09-29,,,2487,,,,97.645858,4747,,0.0,548
2017-09-30,,,2528,,,,146.158702,4976,,0.0,823
2017-10-01,436003334.5370864,131169266.0383895,3096,0.0,0.021678,50068700.0,291.170785,5973,18065.296266,0.17107,1661
2017-10-02,1025157737.9568694,151391424.73981616,2943,596765346.7747957,0.024607,57641300.0,316.074603,5858,24206.767145,0.17107,1792
2017-10-03,604612406.4398379,125245327.84600528,1808,667797139.7124808,0.025757,16997800.0,182.280983,3701,21063.743716885012,0.17107,1018
2017-10-04,207884312.8242444,48658685.98929385,859,540954733.0022343,0.020864,9000050.0,59.948744,1769,16076.163862246913,0.0,335
2017-10-05,411326650.2749568,105546705.41995238,1193,569117180.3709339,0.021951,5562510.0,156.805239,2454,39520.616787821484,0.17107,882
2017-10-06,312314745.4551762,88156760.73050109,889,553779286.2358811,0.021359,7780709.999999999,114.499377,1844,67195.42438607007,0.17107,648
2017-10-07,185266331.5192368,52958699.34433629,671,477418796.67035955,0.018414,7411240.0,81.891164,1371,36179.109054,0.17107,460
2017-10-08,214142599.596651,66264825.00757267,679,542632959.3476095,0.020929,7727459.999999999,90.981593,1406,54499.9077244386,0.17107,521
2017-10-09,163939625.74489385,57131563.06003611,680,527453167.68743783,0.020344,4663310.0,87.836065,1460,30458.838149801533,0.17107,492
2017-10-10,211980536.3463458,64279716.382457964,660,573307371.8734847,0.022112,2725600.0,80.536581,1376,46343.116931403405,0.17107,460
2017-10-11,147429298.94300872,61110954.7733205,557,556901110.3108349,0.02148,3606719.9999999995,70.54622,1172,42745.99476,0.17107,399
2017-10-12,191961300.2421916,66928182.473032504,672,584346541.2853878,0.022538,8680640.0,86.246889,1411,46152.572646,0.17107,492
2017-10-13,243264094.95277882,90728018.35800312,782,675685385.3149431,0.026061,15613600.0,110.361223,1642,106924.70559300434,0.17107,625
2017-10-14,379080551.6842433,101997900.9817668,930,878302735.8309566,0.033876,27853200.0,142.220331,1944,699264.9618275227,0.171246,812
2017-10-15,280089467.0372439,86825379.134317,726,852315171.2978135,0.032874,7104990.0,104.520862,1450,663027.841216909,0.171246,593
2017-10-16,229827474.89789626,85276112.84096,626,776235927.407662,0.029939,6196030.0,93.112895,1311,569556.6993289398,0.171246,540
2017-10-17,305513404.2078856,94783780.93009324,669,750680263.2922806,0.028953,7039900.0,104.33597,1343,514046.8464891705,0.171246,603
2017-10-18,464452866.20578736,210134539.47896647,502,705701001.3854108,0.027219,2336180.0,78.68741,1042,446224.39048830594,0.171246,449
2017-10-19,206818645.13736072,129830627.40956728,536,692353930.3237644,0.026704,2897720.0,82.803862,1124,414421.2841985164,0.171246,470
2017-10-20,189373019.89498153,80659810.06738813,705,699559649.2742409,0.026982,8716410.0,111.994747,1477,394919.5680824177,0.171246,627
2017-10-21,154653813.89520362,55538537.82626814,578,798714952.3342946,0.030806,5344520.0,84.506958,1204,433132.63497698994,0.17107,486
2017-10-22,128926681.2268808,51814314.8075217,517,740601428.6490678,0.028565,2930210.0,75.831882,1118,388142.2648059515,0.171246,435
2017-10-23,65490614.37493248,33508263.588677246,298,717753741.7526518,0.027684,3517050.0,42.534358,657,194512.28372870706,0.171246,238
2017-10-24,131859234.35677303,61833018.47185897,714,656958792.5307616,0.025339,7589560.0,113.657667,1556,200718.93472470067,0.171246,646
2017-10-25,119840361.52758874,46434947.67632628,445,701028866.2219639,0.027038,2561430.0,69.408139,941,329960.86839937576,0.171246,397
2017-10-26,114449869.94086571,62228720.37553673,429,710629837.595017,0.027409,2437710.0,66.791287,910,323338.5313831837,0.171246,379
2017-10-27,86978314.26574759,41077078.574936174,450,703603506.7477825,0.027138,2511440.0,70.030302,960,305074.03318069765,0.171246,399
2017-10-28,83751961.39792155,38369163.66770811,372,682895750.771708,0.026339,1739460.0,58.897018,791,289962.3759200543,0.171246,338
2017-10-29,72005519.91205129,40777657.630689934,411,669719817.797532,0.025831,4746180.0,61.400928,881,275233.9684290065,0.171246,350
2017-10-30,3379714002.5286884,122846645.35987295,576,734200214.3495084,0.028318,3781270.0,93.926058,1195,314443.0838538015,0.171246,530
2017-10-31,296413605.6950573,111187703.28874035,626,740152241.6752636,0.028547,7304450.0,100.983941,1328,296973.2195811354,0.171246,579
2017-11-01,149875308.51763362,87059049.82575323,574,755184354.5759592,0.029127,9382780.0,95.194351,1245,290230.5709812616,0.171246,538
2017-11-02,91767593.54226199,56428919.1581723,458,598368052.294565,0.023079,6165050.0,75.110304,1017,221966.1840755602,0.171246,425
2017-11-03,52618111.852349065,31546030.693672664,377,555308450.9992045,0.021418,2836080.0,59.906445,830,199089.85778740476,0.171246,340
2017-11-04,51279920.98421924,29050006.05388002,355,587017469.5368268,0.022641,2626920.0,55.404465,774,200940.40015886808,0.171246,317
2017-11-05,55581018.13431366,24963442.406185985,379,571795614.124255,0.022054,2396230.0,60.284034,813,189033.48942011068,0.171246,349
2017-11-06,62292930.56212536,35175315.00699852,472,543872158.2519081,0.020977,4591160.0,78.82348,1046,171472.13535565516,0.171246,447
2017-11-07,58612520.08004953,35370666.23592467,402,566395126.6948413,0.021846,2539540.0,63.690628,858,171486.60388612177,0.171246,362
2017-11-08,45269129.9647851,26946585.935374517,356,568113970.0027,0.021912,6367000.000000001,57.969264,790,167158.14232832103,0.171246,325
2017-11-09,85053955.8292676,37720676.183932856,588,652323059.3966243,0.02516,18716200.0,95.284479,1333,184170.4275072993,0.171246,540
2017-11-10,183850727.3683787,119113220.51869027,547,835350445.850105,0.032219,6766780.0,88.204026,1160,231880.5885194025,0.171246,494
2017-11-11,44345210.3937143,21906468.97382922,334,697207394.8921895,0.026891,5532220.0,52.508007,737,163368.46991837004,0.171246,303
2017-11-12,123441913.74176311,20151196.635472212,394,712475898.0523002,0.02748,7280250.0,61.243157,800,225369.95132770328,0.171246,340
2017-11-13,356746741.0160872,70934318.1637298,383,631677356.3865467,0.024364,4419440.0,62.372078,813,170820.91873641318,0.171246,352
2017-11-14,46429195.9630307,29414203.91099867,448,668843188.6557759,0.025797,3033290.0,71.83201,986,72838.29695869182,0.171246,403
2017-11-15,51744248.31281224,28184188.528595753,442,677101132.809983,0.026116,6858800.0,70.979033,1000,171049.28887025348,0.171246,403
2017-11-16,61825795.33749515,38432722.53163028,443,689219315.6894488,0.026583,4888130.0,71.973901,968,167099.36065608432,0.171246,415
2017-11-17,115083117.23962304,87450277.88200706,370,703724822.5187211,0.027143,3578870.0,60.749748,817,167900.2108841088,0.171246,348
2017-11-18,117682013.95475446,20712804.40983958,448,663657741.6303995,0.025597,2930550.0,72.758308,963,199100.66847925255,0.171246,418
2017-11-19,50836557.081882544,30160504.58299557,443,680416226.3053339,0.026243,4725050.0,73.319392,973,158312.0391963877,0.171246,417
2017-11-20,332733193.1531033,98453282.47736911,678,729906292.4412291,0.028152,16172400.0,112.526056,1474,165948.81791843555,0.171246,641
2017-11-21,115178829.88209563,23514635.36749943,542,767117774.8628309,0.029587,5836790.0,91.303519,1163,175129.07133540435,0.171246,524
2017-11-22,58731150.80520778,36949591.53311143,470,736308034.1755579,0.028399,4938480.0,77.04848,1014,160964.67873374184,0.171246,434
2017-11-23,63033634.67246226,29750035.17044008,485,739955896.7621337,0.02854,5132300.0,81.570962,1041,157228.67450904206,0.171246,462
2017-11-24,60885321.69511374,32735982.863545578,468,710552288.4569798,0.027406,5502350.0,77.661925,1029,147274.45843806045,0.171246,439
2017-11-25,56702989.46470246,35713599.96804479,492,734365581.8826157,0.028324,6156460.0,82.420601,1085,148102.90617341886,0.171246,465
2017-11-26,81999172.82768406,46498351.21684711,774,789142246.1438676,0.030437,30527100.0,129.839839,1757,154744.63333508777,0.171246,736
2017-11-27,248551306.6042872,53378299.04907968,1214,949423396.227146,0.036619,77777296.0,203.50762,2668,184698.10702576733,0.171246,1150
2017-11-28,361626658.44148993,148186360.10102373,2214,1312609800.337762,0.050627,240338000.0,376.086687,4719,243397.81420178834,0.171246,2136
2017-11-29,722991386.4345638,98462739.1794314,1274,3065480351.304253,0.118235,210624992.0,207.949075,2702,613397.4522894578,0.17107,1183
2017-11-30,1439135957.9086845,589039930.3830748,3217,2461256805.9291973,0.09493,124345000.0,544.873563,6444,414287.71287349216,0.171246,3126
2017-12-01,2857211194.6707816,939527807.6695092,3075,3023666820.00973,0.116622,73657600.0,526.069775,6231,476847.4779049349,0.17107,2977
2017-12-02,919464224.7669808,389086161.03975475,2269,3412858076.3524942,0.131633,56712600.0,381.75557,4386,510203.7310704434,0.17107,2176
2017-12-03,755702161.0380672,361816440.80780286,1972,3431473712.3710117,0.132351,46458900.0,334.232577,3920,496588.0391367082,0.17107,1902
2017-12-04,4337070442.850472,1108166147.9208097,2768,3410602420.993626,0.131546,76392704.0,472.122462,5293,483666.19264445023,0.17107,2699
2017-12-05,3911611136.6957994,703550474.0322518,3144,3516358941.9837556,0.135625,50381100.0,536.204627,6005,476880.64030576375,0.17107,3051
2017-12-06,2506608852.05448,427340789.21777254,3243,3286204336.4134116,0.126748,75688800.0,556.724766,6270,421986.3948706323,0.17107,3175
2017-12-07,2273088469.7165217,321731508.1289755,3080,3053327389.168387,0.117766,71024600.0,529.408236,5893,377879.5472772989,0.17107,3008
2017-12-08,1683236055.374501,569099158.8791237,2981,2751951121.3475947,0.106142,70092400.0,509.523792,5694,326147.52639637695,0.17107,2922
2017-12-09,1120676230.0559115,232211890.1936692,2307,2975001708.9023404,0.114745,63308600.0,397.817485,4509,336600.9507342224,0.17107,2270
2017-12-10,626919827.5807965,247579022.64351505,1925,3105907488.0278926,0.119794,46376600.0,331.000772,3788,336876.3210333286,0.17107,1878
2017-12-11,1570034525.435418,276955711.66964984,2903,2824158012.3903756,0.108927,39513900.0,499.253429,5634,297121.39067219506,0.17107,2858
2017-12-12,1928367014.8599234,393683436.9599782,3453,3141764626.2181697,0.121177,60056800.0,593.232415,6598,316450.99459998176,0.17107,3383
2017-12-13,2197540173.181567,385515733.6130726,3330,3467460486.7680535,0.133739,61575000.0,572.413354,6444,335681.02007994935,0.17107,3273
2017-12-14,3414740056.4602566,403026653.6380154,5011,3465593737.47231,0.133667,309307008.0,865.688482,9816,577951.0596642134,0.17107,4929
2017-12-15,6277471268.6626,712898422.881677,5428,6046426193.604177,0.233209,207311008.0,936.735232,10695,779613.9911266225,0.17107,5361
2017-12-16,4246707570.858194,806976248.233315,7126,5519225140.640098,0.212875,581052032.0,1226.080362,13835,480193.00538183,0.17107,7060
2017-12-17,13675413813.702517,743400164.7364002,7332,10027942707.508415,0.386775,628142976.0,1266.035793,15271,1541759.577464635,0.17107,7232
2017-12-18,9845477473.717731,1613934892.0267918,7110,13273078564.498436,0.511939,253463008.0,1215.359591,14287,1643509.7306902683,0.17107,6991
2017-12-19,15207973216.961128,2648804344.260119,10754,13489025134.72796,0.520268,279631008.0,1846.094336,21375,1065649.0454058438,0.17107,10644
2017-12-20,9280441500.654875,2054951057.9101899,8367,13837407181.352388,0.533705,182924000.0,1428.018715,16847,1036164.1605030994,0.17107,8254
2017-12-21,8988864244.991495,2766406781.2697067,7759,12705534990.431358,0.490049,162926000.0,1324.952454,15587,920576.0745783176,0.17107,7656
2017-12-22,5681960311.429239,1562129664.431573,6840,12418392684.401278,0.478974,150972992.0,1167.895349,13907,887417.1774397407,0.17107,6738
2017-12-23,3934633549.129026,1178186304.7403119,6153,10744696572.721779,0.41442,88865000.0,1049.697771,12414,724533.2425399096,0.17107,6065
2017-12-24,2977420201.1308646,1068962166.531201,4770,10802799137.577194,0.416661,67372304.0,812.142518,9785,688392.1345988094,0.17107,4702
2017-12-25,2304227314.4204187,913744679.1186228,4218,10171967583.784103,0.39233,122194000.0,719.860952,8669,586197.0795697698,0.17107,4156
2017-12-26,2639990337.588455,927850173.9610317,4295,10722736343.550335,0.413573,94896000.0,732.098409,8862,549672.4321208638,0.17107,4228
2017-12-27,2730782838.083493,1100406246.2429216,4916,11073633316.1223,0.427107,82067504.0,840.267464,10132,512908.0509281036,0.17107,4837
2017-12-28,2513310742.8994474,1044573401.3632835,4882,10682471602.649244,0.41202,82263800.0,832.866012,10055,449142.66112266935,0.17107,4816
2017-12-29,3268899000.845369,1296797373.6971297,5706,10641947592.054045,0.410457,266403007.99999997,975.33992,11590,410436.2970533717,0.17107,5618
2017-12-30,2930330853.672551,1085767436.9315639,5253,13697686198.417868,0.528316,645155968.0,902.028763,11357,478061.39789349824,0.17107,5167
2017-12-31,5514803463.89536,677209905.4230323,3166,16660242913.516155,0.642581,305947008.0,541.155233,6930,558116.2164583447,0.17107,3095
2018-01-01,3381306310.9803896,1087988290.4526858,2957,18637596875.02232,0.718847,150186000.0,505.895755,6335,602903.5967449383,0.17107,2899
2018-01-02,2102776258.5173037,778487920.5338092,3270,18788725769.082893,0.724676,289712000.0,559.289502,7085,584655.5117780281,0.17107,3225
2018-01-03,1802784249.4270973,906805924.9878019,3345,20208480351.63735,0.779681,657398016.0,572.844965,7654,607202.6300464686,0.17107,3268
2018-01-04,6669245902.769763,5264646328.187033,3366,28365401741.00901,1.09,593430016.0,575.218109,8003,229381.10585353003,0.17107,3255
2018-01-05,7979340484.09791,5229343934.986087,2499,30334672529.58555,1.17,508100000.0,429.038026,6204,42275.39068584,0.17107,2394
2018-01-06,6957160120.61227,749006550.6247272,3015,25777764593.680584,0.997,297615008.0,516.193856,7036,746543.377870664,0.17107,2918
2018-01-07,9212376977.57362,2078618248.6326547,4210,26406859962.950493,1.02,226067008.0,718.077671,9521,1529316.1104714002,0.17107,4093
2018-01-08,2944338563.1301713,1384129219.50924,2747,25909673473.8879,0.999329,264460992.0,468.601695,6481,740134.0330004164,0.17107,2663
2018-01-09,8112034890.378492,3319781781.698772,6445,23287305850.7968,0.898185,209492000.0,1105.937569,13383,1290722.4951679236,0.17107,6336
2018-01-10,6488053607.891881,1895641823.3273332,4444,21153170893.80519,0.815872,236472000.0,762.284692,9549,1140596.9195770803,0.17107,4345
2018-01-11,3801164708.5688043,1807330326.3975813,3544,20521846726.142376,0.791522,229000991.99999997,607.786058,7605,1078152.3282354872,0.17107,3467
2018-01-12,3368343118.18798,1907721199.9023306,3769,18039251940.828667,0.695769,365795008.0,646.064994,7712,921296.3342436489,0.17107,3704
2018-01-13,5437433115.026888,2321059697.0543447,6444,23785753781.91511,0.91741,313215008.0,1104.420143,13505,659983.0214670866,0.17107,6383
2018-01-14,4310328241.899321,1999277130.971661,5608,22866665058.81234,0.881961,160712000.0,960.472907,11782,594604.5826426279,0.17107,5554
2018-01-15,4340492437.233525,2236369469.5460215,5315,20631751578.42028,0.795761,972993024.0,911.286102,10950,511847.55749833037,0.17107,5229
2018-01-16,4844124532.524172,1774212690.362757,5613,20239215730.98832,0.780621,1632649984.0,962.698826,11752,458432.80379113485,0.17107,5528
2018-01-17,2506285924.4147787,1155434906.8988225,4487,16181681045.788105,0.624123,1713769984.0,769.401425,9658,340464.5260755139,0.17107,4418
2018-01-18,4505299017.542065,1154124060.1993499,5082,16367629995.281418,0.631295,1285490048.0,871.2281,10405,323547.9935695276,0.17107,5035
2018-01-19,2011384758.0820968,956895138.8120648,4041,16840773105.706497,0.649544,584574016.0,689.866607,8581,307005.32866808906,0.17107,3973
2018-01-20,2202778350.278636,1185679144.1519496,4805,17022781140.395563,0.656564,738798976.0000001,823.086658,10017,288772.54014585994,0.17107,4758
2018-01-21,1896443151.5181098,1222437236.1455069,3529,18314649284.072315,0.706391,847731008.0,605.182882,7601,291831.985056856,0.17107,3469
2018-01-22,4492163801.323011,2138048438.9890885,3663,15944707620.70707,0.614983,522984000.0,626.861928,7698,247084.9494624753,0.17107,3614
2018-01-23,2490284377.547981,602289752.5487988,2913,14688644761.556282,0.566537,375958016.0,505.942525,7650,396525.42513268074,0.17107,4662
2018-01-24,1844063798.0004575,855999832.5481492,2841,14606507801.643734,0.563369,689838016.0,493.5483,7863,605896.7659373909,0.171246,4774
2018-01-25,3054464694.392553,490300309.1211769,2486,16316864791.546162,0.629337,654814016.0,431.411187,6704,736413.1481168659,0.17107,4076
2018-01-26,1701803084.0100796,647023536.724148,2489,16435247795.12828,0.633903,810062016.0,434.499444,6947,676030.0365129983,0.171246,4390
2018-01-27,1340985910.4786382,883752839.6137259,2643,16164932157.652683,0.623477,331308992.0,460.902618,7484,652192.651343412,0.171246,4501
2018-01-28,1839378464.2631712,758266923.3002808,2841,16089302893.40025,0.62056,325145984.0,493.787165,7656,637024.1558236064,0.171246,4540
2018-01-29,2288714721.22851,836870260.1684391,2845,17354880987.70124,0.669373,238317999.99999997,493.978388,7485,679204.3671535958,0.171246,4386
2018-01-30,1647707242.8273392,923042564.2832041,2655,16199207744.97884,0.624799,359622016.0,461.201947,7437,624798.893115635,0.171246,4150
2018-01-31,1419169132.9450915,930506636.4068414,2597,13679070561.259214,0.527598,505904000.0,451.201418,7246,526242.6978650986,0.171246,4100
2018-02-01,1398187923.1151032,725762726.8821397,2649,13376086815.523573,0.515912,595623999.9999999,461.263202,7395,512228.5797548227,0.171246,4121
2018-02-02,1671994527.0307558,819768818.7725911,3833,10875369008.420164,0.41946,1438809984.0,668.419952,9764,411346.41095764615,0.171246,5695
2018-02-03,851286257.902416,622874782.1340098,2863,10395847838.62207,0.400965,1404499968.0,498.362836,7659,384538.22790139716,0.171246,4570
2018-02-04,3034118489.045129,246243727.2855168,1931,11248848458.654795,0.433865,814753984.0,337.506763,5478,182072.67117275225,0.171246,3184
2018-02-05,1222448970.7245302,256355494.29719156,2196,9983062948.121231,0.385044,658547968.0,384.825949,6138,138494.01756142656,0.171246,3549
2018-02-06,35679500865.011604,1114987882.3060896,3261,8587279106.1455,0.331209,1338390016.0,1074.824042,45042,313306.48495495215,0.171246,4941
2018-02-07,39216577043.418564,998619444.4767302,2570,9522157414.79367,0.367267,679744000.0,451.946121,6042,356003.61450917786,0.171246,3802
2018-02-08,1115780825.417077,476445532.79232657,1064,8930942426.069996,0.344464,346383008.0,183.243693,2429,322332.637523281,0.17107,1048
2018-02-09,23911113751.400562,1214554097.5487235,2089,9148314985.35272,0.352848,401271008.00000006,366.265692,5062,328413.0924618786,0.171246,2878
2018-02-10,58147698258.39172,794571165.3807216,2825,10025246291.618744,0.386671,951824000.0000001,500.431586,7637,357314.16939875006,0.171246,5318
2018-02-11,38016580748.61396,635390608.6344211,2204,10503159983.482618,0.405104,331944000.0,388.565029,5819,371461.21647809836,0.171246,3643
2018-02-12,31997879557.61362,1008098034.4569963,2958,9660296847.28889,0.372595,243039008.0,519.106738,7199,338186.45386091183,0.171246,4217
2018-02-13,28343738946.20687,729807028.2414439,2461,9941372218.990438,0.383436,225695007.99999997,432.801133,5946,346795.8146313039,0.171246,3586
2018-02-14,24289004367.623295,1121741861.181096,2289,9690657446.61523,0.373766,299008992.0,403.669105,5376,337339.4289685004,0.171246,3270
2018-02-15,26064092406.62544,1111098036.2002523,2276,10232662856.303013,0.394671,348342016.0,399.649227,5498,353504.6348939813,0.171246,3281
2018-02-16,24522385062.119637,863661870.4457203,2405,10633780564.647404,0.410142,192420000.0,421.525819,5516,363500.49003936886,0.171246,3293
2018-02-17,24924352391.903286,1444084044.8554811,2939,10433130965.983564,0.402403,341415008.0,517.500992,6376,349828.8890223464,0.171246,3868
2018-02-18,27890031701.712612,994571254.8490161,2193,10846719595.226065,0.418355,251314000.0,385.62001,5165,360956.3505468608,0.171246,3024
2018-02-19,28841449091.891857,1854666330.7162783,1975,10031961403.612366,0.38693,169966000.0,348.599566,4804,3289373.451216095,0.171246,2841
2018-02-20,27881199699.56109,1521388525.6182802,2174,10135980809.943642,0.390942,281249984.0,381.622781,4985,961287.3901153087,0.171246,3125
2018-02-21,23193420984.237896,1452535303.358202,2079,9738026204.641636,0.375593,242378000.0,365.519263,4608,873719.4770763306,0.171246,2891
2018-02-22,19942982985.65242,1298509391.2794588,1686,9402478057.950373,0.362651,208342000.00000003,295.943827,3987,2058876.1718643985,0.171246,2527
2018-02-23,14762612663.032175,1129023275.5089402,1924,8679294279.345184,0.334758,222508992.0,337.654695,4125,434549.71247575455,0.171246,2610
2018-02-24,13342030385.612997,909093289.8008084,1606,8910304477.253593,0.343668,133524000.0,280.832261,3738,341772.4478188405,0.171246,2221
2018-02-25,11854602228.443102,1309458057.6786168,2605,8352457627.583447,0.322152,247808000.0,457.527573,5400,274799.6856006002,0.171246,3279
2018-02-26,10248445703.244755,821134310.612846,2699,8951891498.312384,0.345272,201812992.0,475.238518,5921,291786.66892038163,0.17107,3589
2018-02-27,15390949495.458046,1207801318.20305,2295,8792699285.654236,0.339132,106757000.0,404.80439,5358,285006.08393098915,0.171246,3081
2018-02-28,45496098160.61879,1178566364.9042637,3614,8672242116.146202,0.334486,114757000.0,634.44936,7728,453621.522523027,0.171246,4482
2018-03-01,31062848576.486897,1012228605.5520403,3491,8088545977.40695,0.311973,184691008.0,612.930118,7501,259688.92221175117,0.171246,4503
2018-03-02,21625794843.040012,811568373.2051412,3677,7892822521.26807,0.304424,107240000.0,649.4141,7745,250537.43517400892,0.171246,4500
2018-03-03,15254554988.502142,677335988.0640985,2767,7595387167.988826,0.292952,115320000.0,487.013465,5896,253904.1387312614,0.171246,3629
2018-03-04,12567910274.423986,1049189929.3748165,2359,7681802094.436627,0.296285,94436000.0,414.216038,5362,241012.17361907096,0.171246,3075
2018-03-05,14585023606.204836,966065006.6714795,3124,7775450673.476544,0.299897,202675008.0,549.912427,6731,241244.42383174435,0.171246,3953
2018-03-06,12129553090.583448,951663207.9372233,2377,7673038745.015528,0.295947,110305000.0,419.843069,5229,277557.03103880695,0.171246,3159
2018-03-07,11573202871.955215,996602006.2637486,2778,7380762878.671713,0.284674,190792992.0,488.722708,6081,318252.4190145668,0.171246,3630
2018-03-08,12785556930.615103,752211894.2123159,3483,6434061824.3656845,0.24816,167808992.0,612.930393,8287,198106.8237989491,0.171246,5149
2018-03-09,10316697929.274378,688902291.7221229,3348,5737297731.0346575,0.221286,246848992.00000003,592.465133,7572,292378.3510420461,0.171246,4892
2018-03-10,6576744257.336499,643861499.8067303,2094,5839191118.26295,0.225216,129138000.00000001,369.281428,5046,177913.00116143568,0.171246,3072
2018-03-11,5321887447.243433,737331548.4754062,2049,5437451160.204257,0.209721,161362000.0,361.525327,4875,164231.4675836617,0.171246,2888
2018-03-12,6248393126.757773,1054686400.2727176,2217,5810360215.945683,0.224104,184250000.0,390.044635,5141,174416.98604749943,0.171246,3076
2018-03-13,4630655111.093291,951967666.7689694,1970,5784588707.925264,0.22311,98868704.0,349.610508,4769,172006.83065371163,0.171246,2618
2018-03-14,4423483470.682517,682080527.1093613,2330,5792885370.636343,0.22343,144156000.0,411.064989,5060,170784.93708438455,0.171246,3046
2018-03-15,4443855328.379861,849047830.202816,2910,5153134905.270961,0.198755,204232992.0,514.457786,6310,150690.91472445597,0.171246,3792
2018-03-16,2952413828.359867,660566912.8094523,2385,4842865651.969007,0.186788,97455296.0,421.808017,5313,116864.09473110149,0.171246,3101
2018-03-17,2553611869.6295137,657631119.6510985,2185,4634982400.45657,0.17877,81096600.0,385.325077,5015,133565.7373331,0.171246,2852
2018-03-18,3394150272.7353873,670719230.700699,3563,3990979895.1215143,0.153931,189688992.00000003,626.17554,8432,114007.51682561504,0.171246,4858
2018-03-19,2780874401.8147073,530478189.2401361,2932,4167750662.1613274,0.160749,321964000.0,515.207687,6341,118665.87986929888,0.171246,3977
2018-03-20,2381346379.111303,745822633.2544047,2495,5015514014.787833,0.193447,249683008.0,439.420887,5533,140557.5547198001,0.171246,3355
2018-03-21,2266373150.854577,761310476.4255369,2515,5323216487.581043,0.205315,257686000.00000003,444.625359,5484,146396.1339088714,0.171246,3247
2018-03-22,2955565710.2051783,795391552.0310602,2584,5584768774.945671,0.215403,201540000.0,456.02584,5910,152936.72131074523,0.171246,3860
2018-03-23,2234045930.702062,803281120.6631466,2456,5244994515.748334,0.202298,148850000.0,433.716537,5320,142417.75739288115,0.171246,3410
2018-03-24,1792302682.6397276,726131952.7988079,3837,4896171708.81767,0.188844,132660000.0,678.950281,7860,42942.21957917548,0.17107,4626
2018-03-25,2066154449.5517604,521338909.06664604,1810,4884556381.416387,0.188396,59349400.0,318.615507,4084,129826.88178986665,0.171246,2526
2018-03-26,2747660516.1890993,549842292.2719134,2035,4769543896.499767,0.18396,117497000.0,360.948226,4351,516140.3699287039,0.171246,2884
2018-03-27,971898116.3902164,351245245.8915052,1012,4361322170.364883,0.168215,107510000.0,180.769555,2606,161200.20640617932,0.171246,1721
2018-03-28,865433307.5899366,438621690.41252124,1196,4023777639.0494447,0.155196,60260800.0,212.483087,2824,45473.07111018617,0.171246,1692
2018-03-29,1914262610.8976111,494239940.2612602,2240,4152038857.4258585,0.160143,103465000.0,394.638053,4736,561593.6252542192,0.171246,3042
2018-03-30,1058593862.7729757,429879703.68024874,2054,3802308602.850763,0.146654,119873999.99999999,361.444463,4228,316961.39769605093,0.171246,2660
2018-03-31,781039131.7976713,345555734.6367975,2107,3814260981.9955554,0.147115,113124000.0,370.472374,3863,128427.97277835758,0.171246,2583
2018-04-01,1890540443.5741117,206362219.25972083,1500,4060101465.170904,0.156597,100833000.0,265.454027,3321,107477.50080238657,0.171246,2083
2018-04-02,1062068415.2493025,294304461.5296683,1504,3932903256.897183,0.151691,102697000.0,264.875586,3363,103601.09012725014,0.171246,2072
2018-04-03,738554306.2863678,411622464.666001,2390,4092951063.3499684,0.157864,155987008.0,420.616945,4928,105995.27895579938,0.171246,3030
2018-04-04,938479268.6797832,505187215.3090552,1970,4437625539.692179,0.171158,154800992.0,347.61926,4149,114333.47879393674,0.171246,2677
2018-04-05,1332358910.6229336,385395849.2337088,3683,4034044759.0524745,0.155592,113407000.0,651.739925,7046,32957.757271171584,0.171246,4229
2018-04-06,849858344.4374256,323959204.45279044,2562,3847421705.1235642,0.148394,51827500.0,451.678535,5546,98242.76724451371,0.171246,3670
2018-04-07,409759522.4315228,246603796.41799664,1870,3756443615.257269,0.144885,48205399.99999999,328.790197,3947,92878.53923837192,0.171246,2296
2018-04-08,403934419.6557462,260008783.99389142,1976,3858596272.6465373,0.148825,51093100.0,348.515126,4098,63109.22988014207,0.171246,2376
2018-04-09,478202509.5660831,271425360.7480159,1818,4072987219.310988,0.157094,93021904.00000001,321.359673,3923,101578.9367888232,0.171246,2369
2018-04-10,437289593.74588466,261244821.62446234,1893,3973064288.846475,0.15324,55981299.99999999,333.86093,4133,45795.533606895355,0.171246,2374
2018-04-11,474750071.2016284,286604960.9874037,2295,4064353504.273555,0.156761,91793296.0,405.152456,4339,32919.5629816596,0.171246,2690
2018-04-12,786520747.1610774,388008892.08809745,3686,4323520501.319196,0.166757,488007008.0,653.409519,7160,36595.319104140675,0.171246,4422
2018-04-13,1946538502.9550123,378212366.72315854,2546,5486997791.964813,0.211632,230412991.99999997,453.060047,5682,131243.1140148809,0.171246,3481
2018-04-14,1540741820.1167376,254511790.1419808,1712,5151060739.36573,0.198675,113212000.0,302.686489,3693,122632.71946813022,0.171246,2229
2018-04-15,1769445503.3808732,291350746.16807574,2372,5221426808.2063055,0.201389,169798000.0,418.702853,4857,53848.415387443754,0.171246,2956
2018-04-16,2807504980.7962213,416904223.3732387,3256,5752931754.3507595,0.221889,678780992.0,579.744812,7496,84957.76067544508,0.171246,4829
2018-04-17,4148944471.3234286,512575392.82145697,4087,6613736423.744071,0.25509,520975008.0,726.924822,9137,153053.9563617537,0.171246,6257
2018-04-18,1308099880.5353591,350333227.8958298,2406,6293381540.032934,0.242734,181118000.0,427.506276,5473,93436.60327381585,0.171246,3134
2018-04-19,2511750386.032628,362071312.76400685,3350,6935309879.825281,0.267493,240910000.0,595.067737,6612,54674.51492315177,0.171246,4169
2018-04-20,1076881741.6315389,365874767.3536312,3075,7025873136.485835,0.270986,349348992.0,547.517672,6655,43481.07286218472,0.171246,4315
2018-04-21,689336330.1604601,388593482.54992163,2265,7837546007.143795,0.302292,294632992.0,402.966162,5349,105848.24989849028,0.171246,3352
2018-04-22,640068082.5692525,324977600.57582,2128,7453721654.760251,0.287488,160968000.0,378.036854,4965,57553.0106553234,0.171246,2939
2018-04-23,815436367.3134906,333922296.55170393,2275,7403682408.384847,0.285558,127213000.0,403.07784,5244,103140.45321636311,0.171246,3072
2018-04-24,915148645.4018196,469015405.0131749,3503,7480971006.35431,0.288539,369016992.0,624.746263,7520,34917.50848742651,0.171246,4668
2018-04-25,822111830.2690063,466330547.71899515,2672,8110117299.719864,0.312805,351596000.0,475.789051,6070,62604.867461333415,0.171246,3763
2018-04-26,1011166763.5264119,292143167.48355407,2644,7020921066.35546,0.270795,220715008.0,467.079218,5676,96265.50731687006,0.171246,3394
2018-04-27,577446754.8860517,343384648.47940636,2585,7637829782.272558,0.294589,197183008.0,458.924149,5798,58914.75334524337,0.171246,3441
2018-04-28,1164836862.737773,353061691.45578253,3852,7444439763.803628,0.28713,636742016.0,689.12694,8187,18022.28548323306,0.171246,5587
2018-04-29,1819448789.8870897,381927165.9106448,3595,9351116530.554487,0.36067,671886976.0,643.835949,7963,36062.90926210515,0.171246,5211
2018-04-30,2681996974.456887,371516227.41842747,2773,9445154015.818834,0.364297,298712000.0,492.95064,6129,113089.97530623105,0.171246,4057
2018-05-01,1357655982.2739806,349525117.6049242,2808,8891766621.753244,0.342953,365521984.0,499.104297,5958,50455.23248674472,0.171246,3825
2018-05-02,1052501587.2932166,374289845.71352506,2901,9271572278.758444,0.357602,272855008.0,514.22308,6299,119931.76849963142,0.171246,3934
2018-05-03,1029777039.1591855,309298693.05311847,2358,9642951637.385542,0.371926,300814016.0,421.417145,5646,37192.53640734867,0.171246,3387
2018-05-04,830467879.0036942,295060333.6367991,2236,9613161433.36429,0.370777,171266000.0,397.59699,5322,191610.4900245166,0.171246,3252
2018-05-05,1540181565.7372923,350139714.5436481,2221,9367917272.895811,0.361318,139447008.0,392.268628,4963,99614.9205051883,0.171246,2951
2018-05-06,1161382712.8888757,186944132.67162135,1628,9487570703.410599,0.365933,148186000.0,288.427224,3775,140318.01764128674,0.171246,2249
2018-05-07,2947171881.1902776,256194669.67922273,1971,9073126481.002996,0.349948,171384992.0,356.782759,4781,77885.59424703683,0.171246,2617
2018-05-08,2271158709.2539797,291621646.0917753,2262,8700995236.900263,0.335595,142455008.0,401.571704,5058,94306.17823175699,0.171246,3077
2018-05-09,1105607206.8183005,504329837.8525912,2217,8515124068.916081,0.328426,178122000.0,391.929437,4670,75059.09894281847,0.171246,2781
2018-05-10,550338942.3979614,266619485.70401198,2144,8397233678.707258,0.323879,122958000.0,379.021828,4808,111026.22209879204,0.171246,2800
2018-05-11,581317646.9837259,307428116.94750214,2693,7695076754.651251,0.296797,348752000.00000006,477.600684,5786,120043.79540827629,0.171246,3669
2018-05-12,1242726717.4637804,156119781.89920494,2040,6809719149.733789,0.262649,255480992.0,360.749129,4396,74072.60801618714,0.171246,2688
2018-05-13,826577484.8764607,158478561.90451646,1822,7042829440.838924,0.27164,179522000.0,322.548538,4142,77876.59177516584,0.171246,2397
2018-05-14,1045632020.2106402,196789311.53293526,1957,7411304966.918744,0.285852,161643008.0,344.873239,4371,43200.24064465897,0.171246,2431
2018-05-15,701693961.7985557,175922322.0201561,1879,7110991709.583455,0.274269,97408800.0,332.884993,4342,61411.6797192398,0.171246,2607
2018-05-16,387247690.41031665,140626584.0416752,1569,6717237288.944468,0.259082,108749000.0,277.375729,3683,57388.65806456814,0.171246,2193
2018-05-17,423279850.94167584,175132035.45175722,1655,6672383457.548231,0.257352,83683800.0,292.941887,3810,64435.84098126113,0.171246,2253
2018-05-18,284719378.3818873,145901392.73613322,1720,6295507559.574366,0.242816,79212200.0,304.584066,4001,51536.50392289325,0.171246,2345
2018-05-19,180414074.5318619,125794694.75329044,1361,6383218839.537072,0.246199,57778000.0,239.71478,3134,56469.411549472505,0.171246,1790
2018-05-20,334058872.32233185,151471999.49878818,1725,6303985711.516058,0.243143,101310000.0,308.142522,3746,48690.54511612347,0.171246,2318
2018-05-21,336051971.81516886,176662603.11979112,1615,6640700577.231514,0.25613,85090304.0,286.479748,3559,45981.27486447048,0.171246,2197
2018-05-22,263117186.3294745,132435640.49642378,1621,6466133610.641622,0.249397,78363296.0,287.836746,3816,48632.4440472686,0.171246,2256
2018-05-23,402011340.0949193,146956926.03449342,2135,5817853138.95064,0.224393,124267999.99999999,378.31317,4864,72544.08510068106,0.171246,3131
2018-05-24,346587152.77469164,129266285.57182978,1957,5271595690.393179,0.203324,127678000.0,346.39657,4224,55894.55003406001,0.171246,2908
2018-05-25,334005199.4390249,96730261.43210821,2509,5420313366.880167,0.20906,83368000.0,438.484732,4491,14019.700304334001,0.17107,3179
2018-05-26,243206146.89435196,84050142.2534658,1374,5179217537.291173,0.199761,60616400.0,242.227355,3110,68269.24101716143,0.171246,1857
2018-05-27,283839937.0861162,88419503.48513481,1541,5090884008.292999,0.196354,58991000.0,271.776996,3578,23346.164184252066,0.17107,2140
2018-05-28,294040744.0732978,120513499.45458566,2026,5021969855.102156,0.193696,95106200.0,357.224125,4345,44111.615589362205,0.171246,2689
2018-05-29,328689366.4929954,106280374.17274317,2409,4549552702.986982,0.175475,185184000.0,428.945743,5284,35395.84994692197,0.171246,3341
2018-05-30,251491787.51198366,128399168.01528068,2109,5280955362.913642,0.203685,222612000.0,373.264661,4699,31057.32510135513,0.171246,3163
2018-05-31,480740986.1799202,309154496.6725301,2459,5454874151.565853,0.210393,202076000.0,440.339412,5437,32288.374995564314,0.171246,3360
2018-06-01,420984542.2446828,169313382.46486753,1841,5821482928.908178,0.224533,130537999.99999999,324.428248,3846,13341.376305276051,0.17107,2516
2018-06-02,464255669.28348255,144110662.15307468,1587,5773984535.428239,0.222701,116435000.0,279.189809,3461,32850.28139768712,0.171246,2168
2018-06-03,360149731.00777894,138432106.51062807,1853,5903593961.974807,0.2277,117208000.0,326.765688,4022,23391.1543024368,0.171246,2503
2018-06-04,361898991.91846037,121008152.35190414,1846,5915390778.6203575,0.228155,115605000.0,328.994612,3884,21629.417870015215,0.171246,2417
2018-06-05,308191242.6203037,117359182.35861497,1652,5554797081.262139,0.214247,119846000.00000001,291.371946,3682,21423.94725816279,0.171246,2264
2018-06-06,243915928.46479127,142977230.00008613,1572,5718604313.696673,0.220565,84766304.0,278.50967,3802,21992.93650811862,0.171246,2085
2018-06-07,268574064.1364179,98709997.30395278,1526,5602969578.704545,0.216105,76949400.0,269.038094,3286,30335.433590098786,0.171246,1976
2018-06-08,138288982.4562973,79987325.36451598,998,5466230209.066664,0.210831,68728600.0,174.581022,2320,56309.069107847004,0.171246,1198
2018-06-09,113524624.54190165,71739841.70377977,809,5321790498.533433,0.20526,51481400.0,141.294532,2124,75136.22594674151,0.171246,1007
2018-06-10,344459821.15771675,187634468.38854533,1347,5224745473.703011,0.201517,137836000.0,236.030226,3497,90922.22210929041,0.171246,2025
2018-06-11,503604227.3945407,112848089.57518566,1405,4569957307.043877,0.176262,89350704.0,257.601958,4504,79317.86984685967,0.171246,2083
2018-06-12,376920442.9559722,118407402.49280144,1593,4701822388.39036,0.181348,82885904.0,283.965219,3911,66126.21407315627,0.171246,2130
2018-06-13,291463393.4286904,96569035.84110449,1620,4307419791.046681,0.166136,99731599.99999999,284.646707,3515,63603.8771741731,0.171246,2229
2018-06-14,16145806810.17149,495550848.47848636,2931,4154813053.7258887,0.16025,199562000.0,520.704644,7256,129001.20601538125,0.171246,3635
2018-06-15,3262095102.0888405,496390098.50022954,1388,4465108234.07425,0.172218,73950496.0,256.604571,3572,81308.52351256412,0.171246,1692
2018-06-16,8531444240.853968,255197727.2353662,1130,4219397386.4111204,0.162741,42213400.0,197.948415,2528,58804.79884551639,0.171246,1408
2018-06-17,8875408193.29197,146118746.2461201,1041,4229664505.930667,0.163137,35748800.0,182.180846,2312,56620.26577925492,0.171246,1194
2018-06-18,6486575078.722376,198477944.54069665,1128,4177421458.747539,0.161122,55507800.0,203.135042,2818,51853.5356804953,0.171246,1330
2018-06-19,12913460475.137817,162194442.61163273,1395,4270240371.8525944,0.164702,69854400.0,254.703605,3954,67787.73982378579,0.171246,1702
2018-06-20,8657270256.51929,308713694.8326005,1356,4324142751.297349,0.166781,83625600.0,237.136429,2749,66712.41135511761,0.171246,1659
2018-06-21,11213024478.974554,118579459.67702332,1303,4201507707.525392,0.162051,41237700.0,228.910986,2896,46300.0819328382,0.171246,1639
2018-06-22,10925246871.655617,201982325.63678697,1386,4108403597.4929743,0.15846,79062000.0,244.538466,3060,53638.22130476465,0.171246,1960
2018-06-23,10402380673.392632,151701717.40656742,1230,3638449516.947907,0.140334,38721800.0,215.692269,2739,56120.22021907706,0.171246,1597
2018-06-24,11299206185.06279,162665736.79147762,1456,3587139844.6976337,0.138355,73037504.0,257.771074,3438,43556.246096047216,0.171246,2033
2018-06-25,12191667963.734282,147642529.95423862,1642,3430695901.045361,0.132321,57752100.0,287.838514,3705,52442.40340910706,0.171246,2186
2018-06-26,8765003909.283922,88131495.82781653,926,3516307087.821188,0.135623,32927500.000000004,162.680764,2131,59933.36018095351,0.171246,1159
2018-06-27,9274808072.08801,211672284.7731962,1297,3281096704.0070777,0.126551,37072400.0,250.328231,4750,67623.62854947493,0.171246,1621
2018-06-28,8267421002.087577,121235568.56245314,1347,3302927297.480733,0.127393,42250100.0,236.537181,2830,66549.06742140425,0.171246,1632
2018-06-29,9283712019.574034,88927833.05030577,1620,3095614440.990105,0.119397,65802200.0,285.236079,3376,61250.25000627374,0.171246,2052
2018-06-30,7569799603.797318,69437196.66334674,1613,3267744262.293497,0.126036,104599000.0,283.43271,3261,29474.984241639148,0.171246,1975
2018-07-01,7710710153.328794,70174433.62113577,1554,3584780480.800011,0.138264,108733000.0,274.435753,3266,35503.14650265054,0.171246,1843
2018-07-02,10384318830.58644,173725160.73912317,1981,3696966915.432094,0.142591,161860000.0,349.687054,3959,37611.772789579016,0.171246,2521
2018-07-03,9771303862.95981,297757146.6171944,1503,4110011075.9275427,0.158522,108280000.0,264.057977,3287,60759.87027559139,0.171246,2031
2018-07-04,7225957431.588035,285001488.5588306,1395,3894245994.3932166,0.1502,86594896.00000001,246.423366,3104,35950.0111298436,0.171246,1816
2018-07-05,6432614779.58458,178237525.14640528,1356,3930466112.7670646,0.151597,73881296.0,240.781808,3074,31849.301291544758,0.171246,1826
2018-07-06,5096595992.745405,143237216.87955368,1153,3856625814.975137,0.148749,69138800.0,203.920755,2643,66135.09514188941,0.171246,1511
2018-07-07,4131508611.283093,128438791.5727641,962,3792015555.665884,0.146257,47965500.0,168.882984,2090,52007.99464954798,0.171246,1183
2018-07-08,4906472008.071492,132364631.3947655,1200,3887842007.9213285,0.149953,48142400.0,211.437279,2483,24630.803893282908,0.171246,1373
2018-07-09,4785735918.812065,236732457.61953843,1158,3768370067.060676,0.145345,42768500.0,202.939427,2466,40315.92757123837,0.171246,1341
2018-07-10,5063530311.161599,150990509.51767942,1170,3622763639.4970264,0.139729,62318799.99999999,205.524506,2505,36713.8331162299,0.171246,1479
2018-07-11,3890306373.5349264,119740100.47159263,1202,3339432612.8078613,0.128801,50179700.0,210.198489,2519,28506.908976513885,0.171246,1433
2018-07-12,4259464506.036449,90178058.15566045,1168,3410965399.8826876,0.13156,37623900.0,205.485904,2411,27289.206231312743,0.171246,1350
2018-07-13,5474997634.959645,80009213.68912943,1386,3300490152.1646347,0.127299,92778496.0,245.015643,2781,28242.02423742277,0.171246,1775
2018-07-14,4520748013.105059,238811894.9816034,1199,3587399114.793059,0.138365,55022100.0,210.438873,2523,37061.51308520303,0.171246,1542
2018-07-15,4092822386.2498446,211055146.65120694,1029,3552760548.87012,0.137029,50143900.0,180.988343,2298,37032.192379059896,0.171246,1292
2018-07-16,6116539296.528625,195571665.55285192,1601,3688825814.7058372,0.142277,90578096.0,281.404459,3205,20840.238810365103,0.171246,1971
2018-07-17,7053011389.287716,221812024.63555324,1755,4016492131.9632754,0.154915,133440999.99999999,314.479817,4051,27524.702923907156,0.171246,2212
2018-07-18,7716161461.611507,207882512.82006124,2243,4415354185.583745,0.170299,323366016.0,400.82872,4713,22454.093493618337,0.171246,3075
2018-07-19,2492275418.1979427,342571300.49279714,1509,4640582647.178378,0.178986,216980992.0,267.78309,3460,23089.16339661575,0.171246,2011
2018-07-20,5887756945.332778,320788186.9439043,1938,4664098500.846893,0.179893,215667008.0,341.137997,3682,68250.09802463053,0.171246,2538
2018-07-21,4384503168.47251,285810148.9143645,1483,4200029865.102318,0.161994,125996000.0,259.206499,2697,51934.807522298484,0.171246,1732
2018-07-22,3484863023.085465,215704658.34636298,1573,4248772757.345149,0.163874,139332992.0,276.292942,3062,23502.832232938086,0.171246,1865
2018-07-23,3266780690.9830394,238011986.35102287,2265,4395312559.810984,0.169526,147071008.0,399.012751,4144,30422.083057239066,0.171246,2712
2018-07-24,3165182320.2939405,223484827.2605968,1993,4271121891.9514937,0.164736,191390000.0,356.762248,4139,42933.430660843005,0.171246,2425
2018-07-25,2377040138.2389913,201210068.79886767,1876,4468789877.830616,0.17236,123649000.0,330.611046,3569,39519.05615323312,0.171246,2190
2018-07-26,1734595989.2087307,240287355.1210539,1580,4470241793.67725,0.172416,84282200.0,277.468714,3031,76810.71301005926,0.171246,1840
2018-07-27,1043441412.5611902,160511190.87911654,1268,4263706750.112662,0.16445,103693000.00000001,226.348262,2789,50865.689032833674,0.171246,1567
2018-07-28,877754776.3388461,147773796.37613425,907,4309805081.900967,0.166228,51592200.0,161.54782,2383,66217.28481646381,0.171246,1189
2018-07-29,853739190.5387379,165674667.96220225,951,4256265680.958484,0.164163,47319500.0,166.94181,2252,186491.72355825358,0.171246,1188
2018-07-30,512414255.4138293,157771250.39353317,937,4232179432.21175,0.163234,69612600.0,166.012038,2209,40805.25498463674,0.171246,1249
2018-07-31,911097169.017102,176603711.02197942,1241,3994505976.702995,0.154067,93183800.0,220.390264,2898,60581.25046030052,0.171246,1765
2018-08-01,1082030830.2694528,165977256.5527357,1144,3709800815.1274724,0.143086,79987900.0,200.277117,2506,88599.81107354363,0.171246,1530
2018-08-02,784374575.8100392,171848507.55853778,1223,3663909900.3041053,0.141316,68531400.0,216.03565,2883,54592.66820388836,0.171246,1768
2018-08-03,871186814.8484623,107420409.37038106,1219,3407231901.895267,0.131416,77768900.0,212.54969,2738,49816.99294961044,0.171246,1620
2018-08-04,507496546.054522,158153283.49402583,1007,3390508941.4167795,0.130771,54577300.0,177.672706,2252,48835.439567600886,0.171246,1274
2018-08-05,333270141.0077189,145398676.2310783,756,3300308662.598492,0.127292,43901500.0,132.955684,1664,31858.639957672567,0.171246,920
2018-08-06,360107688.1247707,134381865.749779,937,3394346147.817055,0.130919,57534800.0,164.448941,2148,15922.68352393893,0.171246,1145
2018-08-07,263773855.02089348,57022165.95423733,637,3394449856.1370425,0.130923,57321700.0,112.899884,1440,12779.76566540934,0.171246,692
2018-08-08,330576208.12911624,63301066.016954474,935,3256284497.327801,0.125594,82209700.0,168.454377,2441,25118.778525686692,0.171246,1517
2018-08-09,443551115.4885487,65911158.26822563,1307,2968831066.153392,0.114507,93016600.0,232.979101,3110,13740.820391134277,0.171246,1760
2018-08-10,322659829.649481,141200158.8590526,1176,3217316109.6521163,0.124091,71125700.0,208.344849,2474,19643.771493959484,0.171246,1510
2018-08-11,2247788510.775226,212470597.12653932,1366,3019051801.4967766,0.116444,65816399.99999999,241.698203,2965,40204.512988075985,0.171246,1823
2018-08-12,2091873751.3235366,61172273.25517884,1009,2916717654.634177,0.112497,35031500.0,176.838059,2236,38331.77017629059,0.171246,1238
2018-08-13,2330095991.8914113,126845973.70769647,1326,2934503624.6303277,0.113183,56974900.0,234.865256,2810,37971.81948407417,0.171246,1770
2018-08-14,2847131343.90045,110955885.56482676,2078,2664749937.5923495,0.102779,111693000.0,369.165319,4376,33625.313850028106,0.171246,2924
2018-08-15,1956046017.1097398,88129627.58331542,1739,2475760458.6678767,0.095489,91346700.0,307.920352,3817,21095.18676987594,0.171246,2331
2018-08-16,1313856076.6863332,78707545.36408605,1255,2463971394.2726398,0.095035,50188900.0,221.427368,2507,26555.017849925665,0.171246,1576
2018-08-17,1327689770.0963287,161346807.3211007,1527,2480753963.0347543,0.095682,103569000.0,269.612322,2979,26581.256437782362,0.171246,1883
2018-08-18,767416315.703049,95995586.53287472,1361,2848025188.1583223,0.109847,101454000.0,243.85841,3122,34961.31045571532,0.171246,1738
2018-08-19,539498760.6156025,43942885.18589664,1004,2586069724.033308,0.099744,51106900.0,176.571576,2182,31275.711494305633,0.171246,1194
2018-08-20,498829707.1215557,50248932.62792974,1136,2650850164.2576365,0.102243,53939600.0,200.204739,2458,26428.964463314922,0.171246,1443
2018-08-21,355496502.6184441,46959625.2016905,1234,2415401987.9933577,0.093161,49545100.0,217.912002,2657,19997.14852020192,0.171246,1616
2018-08-22,1251396814.4969728,137377815.49890625,1217,2463481069.382378,0.095016,64566000.00000001,251.935262,4722,25240.775093690067,0.171246,1935
2018-08-23,1216310709.4326143,144901372.69316444,1275,2338756457.343623,0.090205,37397400.0,226.729044,2766,58633.23586469609,0.171246,1678
2018-08-24,723626948.3716443,159961346.4410286,1130,2407232467.392434,0.092846,35302400.0,199.924283,2405,86171.4470032347,0.171246,1356
2018-08-25,338758047.44510895,91714803.33249898,991,2445057573.88738,0.094305,30674699.999999996,176.494551,2122,19499.76919205484,0.171246,1244
2018-08-26,295702452.32117635,62537119.92908751,975,2443929668.179991,0.094262,26907399.999999996,172.089641,2094,30926.780510894714,0.171246,1199
2018-08-27,573630176.2380147,179645609.6950843,1535,2415832578.1975584,0.093178,55515600.0,272.532834,3038,37451.59625750272,0.171246,1782
2018-08-28,325802979.20348936,135537996.74727648,1644,2607355848.3219566,0.100565,79059500.0,293.403522,3372,43219.285416592196,0.171246,2114
2018-08-29,490011452.481649,355898029.2809538,1654,2738183847.0169716,0.105611,83582300.0,488.489323,5677,28522.78276778521,0.171246,2052
2018-08-30,201162647.478946,70448229.78144294,1332,2727657455.6350937,0.105205,64807500.0,239.489313,2724,22714.548786309824,0.171246,1708
2018-08-31,336342547.3250301,44425333.074361086,1299,2616093271.720048,0.100902,42250400.0,230.775558,2572,30698.578971758518,0.171246,1620
2018-09-01,170096504.18638405,81409154.94374703,1427,2641372164.8537164,0.101877,70208900.0,253.283539,2780,38370.734970425496,0.171246,1756
2018-09-02,101546606.18017283,50084663.44909558,1166,2771681621.2893558,0.106903,58391900.0,207.657124,2361,29822.670698352555,0.171246,1457
2018-09-03,156931204.29237655,59625776.07992749,1148,2713267931.568813,0.10465,53687200.0,203.215843,2471,29407.092439322325,0.171246,1381
2018-09-04,437490398.5278047,54375294.91635972,1257,2683036967.3749113,0.103484,54317400.0,221.95193,2605,38410.2652615875,0.171246,1616
2018-09-05,157589953.17372677,70525088.03334445,1658,2729277401.4084554,0.105267,98708900.0,300.311392,3425,21053.170602153597,0.171246,2449
2018-09-06,164357374.45500246,57918503.43583894,1582,2269264289.8754883,0.087525,73239200.0,286.507262,3305,17504.80926552,0.171246,2204
2018-09-07,102252914.31761873,50979376.54274112,1318,2295090211.10183,0.088521,41868100.0,236.143608,2737,15028.975072702278,0.171246,1745
2018-09-08,79629738.6512893,43084131.14786259,1220,2180976809.9980826,0.08412,35208700.0,218.075209,2568,15674.5685018649,0.171246,1586
2018-09-09,76197445.65206757,37482227.186571084,1290,2033797193.962671,0.078443,47870100.00000001,229.759231,2780,25037.472389911767,0.171246,1621
2018-09-10,164435792.1770303,79765430.01978794,1391,2003563503.9004734,0.077277,44682000.0,248.210997,3037,32021.230817070078,0.171246,1901
2018-09-11,161541704.28838354,50523664.99773073,1487,1923272820.5187693,0.07418,47614500.0,265.784927,3400,33700.936314886,0.171246,2053
2018-09-12,473090773.4194162,98881164.06325348,1903,1835470031.4613528,0.070794,91272400.0,341.823732,4000,53099.0482507117,0.171246,2854
2018-09-13,189678423.11793205,72220237.99571246,1545,1738480391.4188948,0.067053,86011700.0,274.894609,3166,28562.159476540848,0.171246,2115
2018-09-14,148840186.53619462,44815731.71659648,1343,1817337407.4570682,0.070094,62256800.0,237.888493,2793,30199.604656826657,0.171246,1778
2018-09-15,96367933.67049792,30503682.32646821,1111,1761168965.9522808,0.067928,34842300.0,196.918229,2297,35244.83227191288,0.171246,1398
2018-09-16,97045889.70131488,62020188.66413253,1144,1792947523.026343,0.069153,32643600.0,202.109274,2335,21449.835771657155,0.171246,1458
2018-09-17,99112216.56237759,40204114.43201612,1262,1811109585.0251179,0.069854,48609600.00000001,224.766012,2715,19791.995320963746,0.171246,1600
2018-09-18,321395585.79825574,42486098.356503844,1434,1648141514.9172401,0.063568,67159000.0,255.228261,3062,30348.055108534074,0.171246,1906
2018-09-19,149569787.52847144,44050377.0971417,1533,1792729770.0783691,0.069145,96071300.0,271.276423,2964,26518.944792313967,0.171246,1883
2018-09-20,111413705.59802023,57057696.109481655,1577,1878140281.1538417,0.072439,103788000.00000001,294.376623,3809,15225.137933897498,0.171246,2068
2018-09-21,91173766.61981644,48721020.150732495,1934,2120256713.373673,0.081778,212274000.0,349.199022,4187,16392.386499909713,0.171246,2689
2018-09-22,107948760.58569224,46809888.742210254,1374,2272753344.0380797,0.08766,82526800.0,243.839127,3002,36083.07367190109,0.171246,1846
2018-09-23,156576131.67709628,45427753.289230175,1669,2164611324.1572766,0.083488,149996000.0,299.940324,3544,32014.656081035686,0.171246,2234
2018-09-24,183132858.55967212,76482323.8849515,1357,2325776620.162409,0.089705,89522100.0,240.70539,2848,34323.92551467649,0.171246,1903
2018-09-25,109831665.07118669,41342483.96889096,1572,2133862518.9505355,0.082303,87535200.0,279.233923,3258,25415.257778016843,0.171246,2222
2018-09-26,85360340.38160531,54703908.59166948,1708,2099885296.9341183,0.080992,64321400.0,304.818782,3660,17076.805007372543,0.171246,2156
2018-09-27,206107055.65116683,35030305.45435366,1510,2060330169.9936512,0.079466,101911000.0,269.665389,3166,28242.675659085522,0.171246,1917
2018-09-28,261999768.5032241,76767499.21993433,1797,2240190005.249063,0.086403,89113600.0,321.73546,4118,28099.951026623738,0.171246,2967
2018-09-29,217768597.99345133,63715407.68260231,1369,2170404363.3376355,0.083712,55854000.0,243.549748,2979,26604.173334940417,0.171246,1880
2018-09-30,112235764.86729234,43924910.64467551,1390,2187420222.3285403,0.084368,49853100.00000001,246.419533,3072,24935.51696225368,0.171246,1874
2018-10-01,113652456.12341142,31747092.455570668,1478,2211379553.832862,0.085292,42076400.0,262.459856,3305,9089.159076696109,0.171246,1940
2018-10-02,92141665.21764557,35730726.53678846,1409,2193541849.590985,0.084604,34775200.0,252.567675,3506,15171.86506612535,0.171246,1962
2018-10-03,231580768.39127484,30656775.289173406,1424,2126841553.013009,0.082032,38063700.0,252.746246,3239,19919.56086819247,0.171246,1938
2018-10-04,347463559.43016887,88522073.64244711,1195,2095376564.218833,0.080818,31665100.0,211.29226,2555,32362.566954821483,0.171246,1539
2018-10-05,172130401.22297698,53974084.53499046,1188,2109965843.0216048,0.081381,31160899.999999996,209.21585,2516,34114.18575117222,0.171246,1528
2018-10-06,114312007.72040257,39123878.04434994,1114,2159958319.500437,0.083309,26277600.0,196.732398,2559,34711.46332116587,0.171246,1433
2018-10-07,109678305.74944538,34019942.884225726,1018,2111871087.6120865,0.081454,34848400.0,180.184217,2366,23531.64758285012,0.171246,1229
2018-10-08,601715755.4507024,70036509.58733825,1504,2191646261.25491,0.084531,62079800.00000001,271.171577,3373,14141.33053094301,0.171246,1919
2018-10-09,826620301.2496933,64337851.779479474,1264,2249764481.364394,0.086773,38710200.0,223.830177,2855,18596.07348338628,0.171246,1627
2018-10-10,329566318.7881552,78130001.56719421,1057,2238659687.476647,0.086345,35888200.0,187.92636,2250,10038.932183074936,0.171246,1327
2018-10-11,218081085.4675324,56521196.15926084,1301,2191494904.965886,0.084525,72659700.0,233.055043,2937,11467.788580355102,0.171246,1968
2018-10-12,134749390.68294185,53120387.374560155,1132,1823681724.0015569,0.070339,40979000.0,204.244636,2461,11906.955643773214,0.171246,1521
2018-10-13,76313464.51200299,30757244.31663342,961,1883254318.2369943,0.072637,23571900.0,171.404842,2173,7194.972959204298,0.171246,1283
2018-10-14,80904194.09161614,41052605.862403825,923,1894306897.478869,0.073063,26250600.0,164.819684,2018,12851.416012451764,0.171246,1301
2018-10-15,383441358.38395756,45050387.30794247,1905,1826194256.7616627,0.070436,71953000.0,337.721038,3987,6595.5577816899195,0.171246,2478
2018-10-16,630235789.6617985,46208782.48210923,1511,1939028635.807634,0.074788,26555800.0,266.09206,3116,15461.639218954235,0.171246,1856
2018-10-17,536122901.3021918,61680817.29903026,1406,1966837734.4127219,0.07586,36907800.0,278.289788,4314,20942.78446780421,0.171246,1742
2018-10-18,308950607.45380485,78999948.80314009,1281,2010286692.6327612,0.077536,28634400.0,230.143132,2972,20151.480006317855,0.171246,1546
2018-10-19,339226732.3248752,47989306.8869905,1184,1945110945.266417,0.075022,18153800.0,208.935096,2468,22779.37586594005,0.171246,1385
2018-10-20,137519708.18305883,36511223.23107308,1156,1964955674.5486364,0.075788,20363900.0,209.423295,2916,13019.832633483911,0.171246,1363
2018-10-21,129633592.86507598,38761506.729769215,1016,1978370331.9947808,0.076305,17620200.0,181.127767,2359,16775.435947003418,0.171246,1254
2018-10-22,174258352.50055507,61627035.4667794,1201,1964081893.6953657,0.075754,16871700.0,211.559856,2630,15601.510058511383,0.171246,1454
2018-10-23,126955022.60174446,43092733.51894277,1252,1966933910.959742,0.075864,20710600.0,221.630584,2789,15299.160391757567,0.171246,1552
2018-10-24,130110369.79286252,40346310.070678815,1251,1934462778.0704243,0.074612,14151400.0,221.753562,2915,14922.609022085848,0.171246,1517
2018-10-25,171835157.35797784,60815715.11904539,1231,1926101358.518691,0.074289,12567300.0,218.80082,2784,14735.472654881018,0.171246,1491
2018-10-26,207252955.65204036,48477588.089805074,1264,1912061815.775453,0.073748,13464800.0,224.732386,2524,13361.547037871307,0.171246,2420
2018-10-27,134276732.02086163,51081672.26585058,1149,1910482804.5164504,0.073687,10316000.0,200.622482,2384,14800.038200560908,0.171246,1402
2018-10-28,82794495.08676723,34264576.01192617,1079,1893464313.1293225,0.07303,11226100.0,190.139883,2368,13588.28614171236,0.171246,1337
2018-10-29,105922889.08440886,50564549.77612229,1222,1893762366.740144,0.073042,21315700.0,214.988102,2715,16190.77617863555,0.171246,1583
2018-10-30,86331863.00136057,36555798.2006051,1212,1805361552.2667162,0.069632,11418800.0,215.031722,2669,13092.491015411711,0.171246,1543
2018-10-31,153694913.77037263,45375393.374818064,1240,1807705359.2612007,0.069723,16366000.0,227.713074,2891,13944.600589507963,0.171246,1517
2018-11-01,172413597.5856389,61719811.34441449,1150,1807075162.4612584,0.069698,11256600.0,220.991812,2619,13768.91154323633,0.171246,1376
2018-11-02,342298403.52001685,115862992.09948124,1287,1835994514.5850604,0.070814,18823400.0,226.643836,2772,20607.695748033224,0.171246,1584
2018-11-03,265577850.51644245,55578691.40452485,1038,1881288901.8353643,0.072561,14948900.000000002,182.59823,2230,17580.942120207474,0.171246,1273
2018-11-04,294464491.9347562,102301496.59721541,1371,1853585421.5258758,0.071492,52924200.0,244.930002,3024,21447.609722340065,0.171246,1765
2018-11-05,188044067.95470703,69684898.76335137,1391,1969453963.7094212,0.075961,34358100.0,245.736119,2982,30276.95217793104,0.171246,1759
2018-11-06,153554871.00009093,73610115.98302151,1726,1966090123.6961162,0.076337,49473200.0,306.249235,3780,12477.704088866816,0.171246,2227
2018-11-07,142103626.73978063,59018899.32623625,1508,2100603231.449888,0.08102,36852900.0,269.266076,3235,17040.758890732,0.171246,1930
2018-11-08,99373752.518458,56377962.53240574,1407,2032454300.5434744,0.078391,32149600.0,249.303233,3013,15319.62615565163,0.171246,1755
2018-11-09,765397600.1904169,279609601.06527793,1196,1978871061.6473694,0.076324,23756800.0,214.219594,2683,20790.769698814256,0.171246,1550
2018-11-10,40615984.66439296,26431499.015645016,1016,1922922814.9710054,0.074167,15012100.0,178.648171,2302,14169.549444176238,0.171246,1301
2018-11-11,55007581.927511126,34357212.85440432,1189,1948779781.749663,0.075164,23663500.0,209.860438,2610,14040.215951819242,0.171246,1441
2018-11-12,168117912.03888246,44345837.72161047,1271,1991673566.2423913,0.076818,20975100.000000004,232.019811,2829,14746.200579224771,0.171246,1601
2018-11-13,66033721.03012918,34329682.40170347,1077,1967434586.0950234,0.075883,20329300.0,189.965251,2385,16101.879342515731,0.171246,1387
2018-11-14,920346998.7044679,86883635.61141664,1543,1904043446.850287,0.073439,54964400.0,274.078162,3489,15574.22837500594,0.171246,2244
2018-11-15,772412883.8199286,93239569.63531122,1680,1681292742.977527,0.064847,60267800.0,300.405697,3716,12060.855604491437,0.171246,2506
2018-11-16,520779483.9883398,41777609.238272294,1575,1639687839.4743834,0.063242,27544700.0,278.260542,3316,6168.795072730874,0.171246,2028
2018-11-17,304771738.2686985,29210106.650662318,973,1583171827.2660778,0.061062,17926300.0,174.381742,2369,11612.419340723274,0.171246,1217
2018-11-18,1241329.7878997794,1234324.061745708,164,1576438577.7043414,0.060803,16669400.0,28.887637,409,912.0313113598071,0.17107,166
2018-11-19,88631801.3978331,42067824.03555085,473,1604948185.403313,0.061903,53737000.0,83.917526,1064,3713.469291904612,0.171246,452
2018-11-20,469056950.9126696,51064860.48746136,1271,1365261582.2367735,0.052658,65556800.0,221.065904,2672,22233.78396019893,0.171246,1450
2018-11-21,165214483.52845842,51063322.3709481,772,1170578858.1595228,0.045149,33938000.0,134.825426,1667,24525.608238229594,0.171246,792
2018-11-22,104691835.96243167,23734158.070245583,666,1241509357.0933228,0.047885,18689900.0,117.349274,1378,12337.358209713224,0.171246,671
2018-11-23,136136296.54942852,18170382.089000236,705,1142403845.4958076,0.044062,24258500.000000004,123.892413,1427,18005.2597575556,0.171246,739
2018-11-24,146697148.30775794,48967677.46456948,708,1125741693.9352021,0.04342,25740400.0,126.786607,1457,31288.37554037598,0.171246,763
2018-11-25,87963230.96186823,27907272.874632325,1288,1001518844.8718888,0.038628,40704000.0,229.295159,3373,13278.813300288972,0.171246,2236
2018-11-26,90764815.1671837,54869496.0999259,1532,979032110.919064,0.037761,31641099.999999996,271.660876,3692,6252.952159216576,0.171246,2432
2018-11-27,73876425.97490749,24099242.575416848,1399,925132268.6482542,0.035682,17966300.0,247.490661,3276,5511.78349753926,0.171246,2043
2018-11-28,63047348.15375096,25087675.22108669,1628,946588334.418505,0.03651,47624500.0,288.88046,3746,6905.61883813902,0.171246,2548
2018-11-29,46656384.93353291,28213040.66254029,1565,1095904760.6546123,0.042269,39544072.0,280.845615,3958,5063.446258414998,0.171246,2558
2018-11-30,35919327.175914705,25189344.749211214,1386,1088521310.569226,0.041984,28861639.0,244.327828,3131,4386.276974139392,0.171246,2084
2018-12-01,62986922.93065747,54179377.794332154,1093,1010933776.0521848,0.038991,19314340.0,194.080328,2709,8900.239707280421,0.171246,1596
2018-12-02,19111465.753995225,12339769.721850576,1094,1072080720.6793529,0.04135,23206023.000000004,192.354387,2474,4140.45491478385,0.171246,1405
2018-12-03,43771885.04140825,26762056.264085364,963,1085670129.2124848,0.041874,21282053.0,169.818563,2147,11919.156929880395,0.171246,1138
2018-12-04,30071460.295495052,19706910.148072533,1336,999679375.8533117,0.038557,23563419.999999996,246.789693,3461,9264.196721125827,0.171246,1846
2018-12-05,42888648.471631676,21995005.113668963,1580,976395937.4849787,0.037659,26250706.0,286.628371,3546,5093.097636470195,0.171246,2145
2018-12-06,37774794.49651568,27786417.971642163,2948,889757383.9068772,0.034318,27195357.0,867.175017,5618,3535.964558064027,0.218466,3513
2018-12-07,30724115.624127507,16951967.952288006,1692,798469843.5635213,0.030797,31750703.0,299.345256,3874,9265.682632347341,0.171246,2525
2018-12-08,12681838.512275048,9201808.23038187,1166,772941887.945368,0.029812,19987029.0,205.661735,2782,10792.459925175179,0.171246,1583
2018-12-09,9717656.935936706,8128916.682802904,1186,794472841.6410564,0.030643,16588924.0,208.837645,2917,6826.673767726737,0.171246,1534
2018-12-10,27310655.181628246,12493483.712466346,1052,820665217.166904,0.031653,12553718.0,186.019029,2596,11625.882433091798,0.171246,1372
2018-12-11,33858791.46404045,11308081.195186565,1141,780839885.8484316,0.030117,10444631.0,200.515137,2582,9035.094625531001,0.171246,1453
2018-12-12,40765265.49918131,19674640.267112575,1342,763262438.9176713,0.029439,11071814.0,234.857498,2972,6840.863072962316,0.171246,1603
2018-12-13,1735726774.8558059,49458596.633383624,1502,794282430.3917438,0.030635,11234575.0,318.224429,6707,7175.9874689100125,0.171246,1811
2018-12-14,2232924941.061732,10232934.698254155,1328,757978188.2948375,0.029235,9205271.0,239.854396,3410,11364.546455691172,0.171246,1721
2018-12-15,1886300007.7747238,6196103.586409299,1184,736187774.9862064,0.028395,8387950.999999999,209.821137,2726,10014.469655849798,0.171246,1532
2018-12-16,1772214663.4173381,7039358.337844472,1270,731226117.6413771,0.028203,10366601.0,230.262683,3421,7810.348694509736,0.171246,1597
2018-12-17,1747882629.0146923,15025947.52357585,1637,756424357.1769133,0.029175,37555983.0,291.00049,3571,5394.6476967264,0.171246,2067
2018-12-18,1550932762.7629976,11365421.777526949,1555,850926661.853462,0.03282,78783798.0,278.684583,3563,6925.927719412561,0.171246,2036
2018-12-19,1380449295.7409463,22178738.98201104,1955,903897623.16066,0.034863,43168563.00000001,357.439328,4770,5846.572699499789,0.171246,2648
2018-12-20,982193280.8501825,13652858.106319716,1841,887010739.9362453,0.034212,43040801.0,330.528099,4120,10325.613711484284,0.171246,2414
2018-12-21,569910039.1627046,40343567.66650457,2429,1013210937.6119473,0.039079,93581789.0,441.619597,5601,9461.0347889875,0.171661,3451
2018-12-22,241712928.92932487,59542234.595131986,1606,1054144080.2887952,0.040658,31227246.0,291.667761,3763,10739.880512611731,0.171246,1980
2018-12-23,229114765.8653076,71300665.85682952,1697,1094207292.354081,0.042203,40656190.0,304.737267,3912,11381.801899042022,0.171246,2182
2018-12-24,207575175.089728,66840203.03213237,2018,1148216556.2078922,0.044286,57936797.99999999,365.689696,4542,13246.817772447665,0.171246,2648
2018-12-25,139835037.49315766,55373373.57589959,1455,1184225917.1785793,0.045675,38493644.0,260.203942,3174,16562.455966049176,0.171661,1921
2018-12-26,106659085.82918715,51662870.87177446,1659,1078655109.539565,0.041603,27218409.0,292.814344,3631,5570.007163014621,0.172081,2040
2018-12-27,77299557.42050621,38252519.48891797,1711,1068845793.9618071,0.041225,22969394.999999996,332.338578,3698,7498.490591449575,0.171246,2136
2018-12-28,66486549.56572903,37864226.4373918,1585,959733211.9198796,0.037017,26948333.0,282.996847,3641,9333.644864609782,0.171661,2020
2018-12-29,59232573.13471527,33110387.56015529,1402,1085656812.472439,0.041873,30992034.0,255.028836,3146,10131.50290149171,0.171661,1894
2018-12-30,93520755.56304598,46792174.975802176,1371,1078481486.1228282,0.041597,27767174.000000004,244.064325,3116,15517.701015294515,0.171246,1792
2018-12-31,55470307.49672061,36400937.382411025,1204,1120877534.7913206,0.043232,19280457.0,215.677762,3012,16068.635208301985,0.171642,1650
2019-01-01,43014262.68738588,28402519.627129436,1513,1062589847.4966507,0.040984,14962902.0,266.688569,3290,2477.667566281936,0.171246,1885
2019-01-02,47302641.7815196,31447738.728968676,1813,1103675588.770162,0.042568,24151526.0,325.518801,4374,9620.360721638224,0.171246,2375
2019-01-03,40673506.068752244,30148964.020717114,1483,1169455326.5481937,0.045106,21126963.0,265.336026,3494,7524.707780038581,0.171246,1933
2019-01-04,33867926.10072055,24783813.186752453,1440,1105240005.6487036,0.042629,16024029.000000002,256.416916,3216,7522.190495499152,0.171246,1692
2019-01-05,31820347.042530052,22922678.88051892,1451,1131959422.9503593,0.043659,25100964.999999996,260.742861,3478,5753.148472631637,0.171246,1703
2019-01-06,49586842.590010926,30364560.4545995,1766,1159164828.2927468,0.044709,51366407.0,322.617747,4602,5732.09381723517,0.172081,2232
2019-01-07,74327383.60844186,34814829.35850379,1798,1277320923.5839236,0.049266,45688431.0,325.459013,4059,14010.070828620574,0.171246,2332
2019-01-08,76393614.09419073,32125500.126776133,1695,1248133469.5031428,0.04814,34626383.0,307.609165,3654,10525.064387112001,0.171246,2113
2019-01-09,73623982.16059224,38190230.82444064,1926,1259209215.0638885,0.048567,55364234.0,349.403889,4322,8189.320507012978,0.171246,2487
2019-01-10,103357653.48322941,46218861.51779587,2491,1349485264.3500192,0.052049,91162431.0,450.945197,5475,8848.321086816944,0.171246,3381
2019-01-11,45420011.31846716,22926549.924651626,1779,1149144540.7716947,0.044322,35963011.0,319.646423,3821,8368.879733336082,0.171246,2275
2019-01-12,26873913.753821913,20636773.04421836,1352,1144791462.091845,0.044154,18224445.0,256.627416,3145,7240.355232172524,0.171246,1671
2019-01-13,24222094.878064465,16894685.886457477,1365,1135913977.676499,0.043812,21758341.0,529.173671,3405,12723.959969245727,0.171246,1746
2019-01-14,23719141.254321955,15502261.303693155,1379,1043529080.2716358,0.040249,30269131.000000004,250.326674,2903,10682.975322364202,0.171246,1671
2019-01-15,36203232.55483639,16754819.004270619,1415,1144865586.9976876,0.044157,24504027.0,258.08522,3366,10244.019923664544,0.171661,1682
2019-01-16,176290493.99398008,47519592.781659976,1527,1108840464.9969404,0.042768,35481507.0,276.744237,3445,9677.986537830337,0.171817,1891
2019-01-17,53848045.739488445,31914402.715516757,1409,1163297172.5015225,0.044868,38222964.0,256.681946,3148,5260.80691213176,0.171817,1732
2019-01-18,245165395.35813785,89535721.59342624,2270,1174700035.4791949,0.045308,18937100.0,418.469703,6033,15927.687017329534,0.171246,2617
2019-01-19,69717919.57793093,38821506.61920847,1459,1147929473.2748635,0.044275,23657402.0,262.749766,3319,14096.985957852876,0.171246,1824
2019-01-20,43140714.972259365,29934175.172931273,1555,1184187961.6692502,0.045674,26755021.999999996,282.535832,3347,11035.094642421478,0.171246,1846
2019-01-21,40871357.051887795,33357356.59632476,1455,1128891762.0256424,0.043541,16583935.000000002,261.784121,3112,11758.649063922378,0.171246,1717
2019-01-22,37257504.501279585,27373124.58709721,1483,1111974635.0355225,0.042889,22963399.0,264.530329,3205,11550.01685371349,0.171246,1740
2019-01-23,136794304.30871624,55083226.09867609,1285,1129075538.351049,0.043548,15241102.0,227.638771,2859,9579.686076036025,0.171246,1496
2019-01-24,65660531.671979584,57423268.854219966,1364,1113218391.300207,0.042937,12440167.0,246.427662,3068,8812.102309099004,0.171767,1514
2019-01-25,38536414.98838075,23049073.63461482,1321,1117376455.049917,0.043097,12663796.0,235.707502,3091,8814.586184915717,0.171246,1499
2019-01-26,22203525.15411452,16463595.411617124,1158,1106742019.5910573,0.042687,13550564.0,207.070994,2647,8898.083741871882,0.171246,1387
2019-01-27,23659944.297945175,16875810.87027927,1356,1106202438.0788476,0.042666,20835107.0,245.57477,3104,10309.097935043856,0.171661,1701
2019-01-28,36593556.72622047,26794076.258165374,2116,1066560927.8936862,0.041137,30041137.0,380.317643,4788,8260.498141463777,0.172081,2633
2019-01-29,144236337.1419492,23753280.839697797,1567,1003704311.8343834,0.038713,19526240.0,281.861827,3619,7742.554664367089,0.171642,1895
2019-01-30,288341166.70218194,27723101.623991378,1648,989806735.2422081,0.038177,26151501.0,299.282496,3693,11829.239811439478,0.171246,2075
2019-01-31,202934229.7319332,20508815.625565756,1534,1029279945.5897744,0.039699,22222102.0,277.97198,3623,8753.086759706734,0.171246,1905
2019-02-01,113524028.32090183,17519131.597562823,1382,996671814.9673718,0.038441,18778624.0,249.340464,3303,7085.036180029081,0.171246,1756
2019-02-02,75097972.78197506,9661494.969611542,971,1000744936.2148181,0.038598,12312317.0,177.796259,2344,9610.895351224313,0.172081,1146
2019-02-03,72430267.91953264,16808624.811646298,1051,1017878710.655342,0.039259,12940762.0,189.543484,2470,11777.693287417662,0.171949,1301
2019-02-04,55769042.17351528,15867035.89045319,1453,988607552.0580077,0.03813,12233074.0,259.356204,3228,2272.78135079562,0.172081,1747
2019-02-05,45754410.70457108,19909087.564624198,1177,980669900.5750476,0.037824,13348305.0,214.417164,2757,8163.812468713152,0.171661,1402
2019-02-06,54736862.90935233,24930632.508698735,1241,985048980.4599186,0.037993,17351384.0,221.74522,2818,8514.286313788014,0.172081,1595
2019-02-07,31132447.347847857,13340669.806680713,1188,950259806.91304,0.036651,12424740.0,212.765742,2738,7235.90918618112,0.172081,1425
2019-02-08,33497310.798640404,14495482.906346288,1514,943718616.5363058,0.036399,32705206.0,281.753518,3339,6500.975731297344,0.172081,1788
2019-02-09,35776296.57459694,17923198.647031583,1411,1057180311.2060988,0.040775,18529365.0,260.690555,3314,5295.807550730375,0.172081,1636
2019-02-10,26330863.79346773,13404245.729557429,1441,1064296976.3717022,0.04105,22634047.0,256.201512,3059,7172.939989672751,0.171661,1631
2019-02-11,33794411.00042854,18036282.94009144,1312,1108945741.194642,0.042772,17847243.0,238.143681,3048,5515.554002818251,0.172081,1533
2019-02-12,40782143.949449375,19044625.597222224,1385,1080638980.2399943,0.04168,14893311.0,248.729732,3204,9076.263302978241,0.171661,1785
2019-02-13,30911260.76099085,14509639.246022044,1451,1082584033.781069,0.041755,12736279.999999998,266.596022,3603,4438.7163504994805,0.172081,1824
2019-02-14,45336368.33971455,10604741.930804899,1254,1066542407.2540699,0.041136,11428290.0,225.475987,2787,5809.094243787407,0.171661,1501
2019-02-15,43316357.55233457,14702094.376886671,1348,1050978407.5755665,0.040536,13336096.0,240.701472,2905,8524.427278094352,0.171246,1543
2019-02-16,30350746.315066222,12157620.982422324,1193,1053126896.2061621,0.040619,11097836.0,216.936798,2739,10134.577346304619,0.172081,1510
2019-02-17,15422185.605894757,9887772.402336186,1102,1063702146.5771736,0.041027,15275650.0,199.647217,2786,12356.588919926886,0.171246,1512
2019-02-18,44704750.78408797,16739090.203013597,1927,1075149990.6940906,0.041468,36845046.0,349.622079,4520,8110.704830909352,0.171817,2516
2019-02-19,56092464.184051305,29091099.000634015,2298,1184411764.3870187,0.045682,42563543.0,417.170494,5080,6329.6196074844465,0.172081,2794
2019-02-20,42182356.26623512,17734377.194480732,1623,1197240540.473176,0.046177,25594089.000000004,294.12472,3764,9130.917103187709,0.171661,2013
2019-02-21,48949671.874089375,26080921.280960713,1833,1233720792.9053347,0.047584,25111686.0,328.789594,4275,7361.955207278944,0.172257,2377
2019-02-22,40809357.00222912,15544858.461974088,1180,1167777408.8990748,0.045041,17691042.0,211.524667,2728,12736.924480335245,0.171642,1457
2019-02-23,20889111.378169116,11155655.759552209,1205,1192182988.233326,0.045982,27665133.0,219.928361,2778,12154.522559776606,0.171661,1448
2019-02-24,57933426.20311056,17800784.788947653,1525,1263346237.3846805,0.048727,51650807.0,280.122268,3752,10189.771191300071,0.172081,2025
2019-02-25,33207379.498314485,21095329.060429305,1737,1093302570.3219125,0.042168,24692110.0,321.230291,4393,2446.7843185052398,0.172081,2432
2019-02-26,19071161.50327583,14391298.924433548,1537,1139889616.232796,0.043965,16641229.0,295.857705,4371,3341.3317841725197,0.172257,2199
2019-02-27,62469603.9087121,48456189.43677265,1509,1123404178.9686155,0.043329,18346578.0,310.480111,5725,4332.9,0.172257,2392
2019-02-28,42842827.250060566,33461016.215090144,1432,1121227687.109895,0.043245,14678619.0,273.747496,4437,2512.23732234927,0.172257,2256
