date,txVolume(USD),txCount,marketcap(USD),price(USD),exchangeVolume(USD),reward,activeAddresses,medianTxValue(USD)
2015/2/25,273.3269,3,304713,1.21,6,0,,
2015/2/26,0,0,303364,1.21,6,0,,
2015/2/27,30.73514181,11,273141.2481,1.0890258,5.4,0,,
2015/2/28,1972.486442,10,242918.4962,0.9680516,4.8,0,,
2015/3/1,0,0,212695.7442,0.8470774,4.2,0,,
2015/3/2,9416.689514,6,182472.9923,0.7261032,3.6,0,,
2015/3/3,14987.66624,28,152250.2404,0.605129,3,0,,
2015/3/4,8463.454515,12,177087.6803,0.70384675,14551.5,0,,
2015/3/5,53.06121765,9,201925.1202,0.8025645,29100,0,,
2015/3/6,40.82262223,7,226762.5601,0.90128225,43648.5,0,,
2015/3/7,58153.96224,8,251600,1,58197,0,,
2015/3/8,17.33126796,2,251600,1,31,0,,
2015/3/9,15.42279432,5,251600,1,143,0,,
2015/3/10,49939.93691,23,251600,1,49997,0,,
2015/3/11,4.04,5,251600,1,49,0,,
2015/3/12,80423.86284,14,251600,1,80418,0,,
2015/3/13,550.9835391,8,251600,1,75,0,,
2015/3/14,34209.76905,16,251600,1,17705,0,,
2015/3/15,15410.04,11,251600,1,15125,0,,
2015/3/16,136.9193664,4,251600,1,49632,0,,
2015/3/17,48.94365316,5,251600,1,4284,0,,
2015/3/18,40.39855394,7,251600,1,202,0,,
2015/3/19,5.40496237,4,251600,1,714,0,,
2015/3/20,0,0,251600,1,133,0,,
2015/3/21,0,0,251600,1,206,0,,
2015/3/22,0,0,251600,1,67,0,,
2015/3/23,15.3562564,5,251600,1,66,0,,
2015/3/24,1037.738517,28,251600,1,1179,0,,
2015/3/25,42.911,2,251600,1,92,0,,
2015/3/26,11.09767372,4,251600,1,2,0,,
2015/3/27,6.11,2,251600,1,5,0,,
2015/3/28,38.08825639,10,251600,1,17,0,,
2015/3/29,22.11131667,8,251600,1,21,0,,
2015/3/30,471.9810494,5,251600,1,495,0,,
2015/3/31,2.14,5,251600,1,37,0,,
2015/4/1,12850,2,251600,1,14,0,,
2015/4/2,7.78617304,9,251600,1,79970,0,,
2015/4/3,20484.80231,16,251600,1,8887,0,,
2015/4/4,194.1,3,251600,1,2018,0,,
2015/4/5,750,1,251600,1,2887,0,,
2015/4/6,504.33,7,251600,1,254,0,,
2015/4/7,0.00201,3,251600,1,19179,0,,
2015/4/8,922.6709654,8,251600,1,1024,0,,
2015/4/9,80.03807513,14,251600,1,100949,0,,
2015/4/10,4.311,6,251600,1,470,0,,
2015/4/11,2.62349022,3,251600,1,2869,0,,
2015/4/12,1.01,1,251600,1,1971,0,,
2015/4/13,13.77549731,11,251600,1,46026,0,,
2015/4/14,48.36146355,19,251600,1,50324,0,,
2015/4/15,1313.146886,15,251600,1,40700,0,,
2015/4/16,1357.164298,41,251600,1,46909,0,,
2015/4/17,87.11450781,24,251600,1,50,0,,
2015/4/18,6.3,10,251600,1,49,0,,
2015/4/19,18.2236608,82,251600,1,22,0,,
2015/4/20,73.05369017,16,251600,1,38,0,,
2015/4/21,21.66978593,7,251600,1,85933,0,,
2015/4/22,12189.20202,11,251600,1,40306,0,,
2015/4/23,1563.472096,8,251600,1,21632,0,,
2015/4/24,12185.07788,16,251600,1,20262,0,,
2015/4/25,256.01,7,251600,1,26,0,,
2015/4/26,0,0,251600,1,555,0,,
2015/4/27,20343.65012,22,251600,1,17806,0,,
2015/4/28,25413.34542,22,251600,1,42628,0,,
2015/4/29,32.98885957,9,251600,1,12,0,,
2015/4/30,235.4963478,10,251600,1,613,0,,
2015/5/1,2.971476,2,251600,1,48,0,,
2015/5/2,1,1,251600,1,4,0,,
2015/5/3,1425.071153,5,251600,1,1518,0,,
2015/5/4,11.15806422,7,251600,1,83171,0,,
2015/5/5,54.09873936,5,251600,1,21,0,,
2015/5/6,12.47787934,7,251600,1,10,0,,
2015/5/7,121.345414,4,251600,1,120,0,,
2015/5/8,1287.897318,9,251600,1,546,0,,
2015/5/9,124.0809992,11,251600,1,171,0,,
2015/5/10,4934.047343,15,251600,1,2466,0,,
2015/5/11,1115.8,8,251600,1,584,0,,
2015/5/12,2,4,251600,1,5,0,,
2015/5/13,1689.106638,11,251600,1,0,0,,
2015/5/14,4827.240055,16,251600,1,2185,0,,
2015/5/15,122.596697,13,251600,1,92,0,,
2015/5/16,179.6,2,251600,1,297,0,,
2015/5/17,632.6973497,11,251600,1,683,0,,
2015/5/18,215175.0827,9,451600,1,31,200000,,
2015/5/19,33698.95955,49,451600,1,25359,0,,
2015/5/20,655.3612324,15,451600,1,21979,0,,
2015/5/21,47934.07475,24,451600,1,53849,0,,
2015/5/22,1614.055004,4,451600,1,20209,0,,
2015/5/23,547202.8544,14,451600,1,30,0,,
2015/5/24,5349.046896,9,451600,1,5382,0,,
2015/5/25,413215.0141,23,451600,1,2846,0,,
2015/5/26,2944.711809,15,451600,1,1244,0,,
2015/5/27,125053.0402,4,451600,1,28002,0,,
2015/5/28,25793.06343,29,451600,1,70612,0,,
2015/5/29,50207.37621,27,451600,1,16640,0,,
2015/5/30,21722.80252,40,451600,1,12448,0,,
2015/5/31,2740.056096,19,451600,1,2522,0,,
2015/6/1,7651.381603,16,451600,1,40887,0,,
2015/6/2,27109.66829,47,451600,1,75456,0,,
2015/6/3,16328.27139,8,451600,1,24994,0,,
2015/6/4,3116.971284,15,451600,1,152,0,,
2015/6/5,8.99112683,5,451600,1,22,0,,
2015/6/6,0,0,451600,1,30,0,,
2015/6/7,1894.341547,15,451600,1,1547,0,,
2015/6/8,1241.532677,6,451600,1,126,0,,
2015/6/9,1393.573349,7,451600,1,323,0,,
2015/6/10,66849.68264,16,451600,1,45551,0,,
2015/6/11,158.0281563,5,451600,1,50162,0,,
2015/6/12,12052.33987,7,451600,1,41981,0,,
2015/6/13,1576.939923,3,451600,1,1636,0,,
2015/6/14,1342.966633,7,451600,1,1349,0,,
2015/6/15,19675.82342,14,451600,1,262077,0,,
2015/6/16,25482.86,24,451600,1,204282,0,,
2015/6/17,10826.4666,23,451600,1,7822,0,,
2015/6/18,3150.083848,17,451600,1,33804,0,,
2015/6/19,7145.253565,19,451600,1,10983,0,,
2015/6/20,2060,5,451600,1,2424,0,,
2015/6/21,170.566489,3,451600,1,371,0,,
2015/6/22,123.1650886,1,451600,1,404,0,,
2015/6/23,44.06,10,451600,1,19973,0,,
2015/6/24,501252.1323,27,451600,1,633456,0,,
2015/6/25,61155,27,451600,1,63845,0,,
2015/6/26,4462.467478,22,451600,1,3129,0,,
2015/6/27,52.60057692,7,451600,1,668536,0,,
2015/6/28,351.0403396,4,451600,1,409,0,,
2015/6/29,410.3826103,7,451600,1,3121,0,,
2015/6/30,1827.399961,12,451600,1,472575,0,,
2015/7/1,41483.20851,19,451600,1,110325,0,,
2015/7/2,5150.630421,13,451600,1,1436,0,,
2015/7/3,5009.815752,2,451600,1,14061,0,,
2015/7/4,74.87668128,15,451600,1,100,0,,
2015/7/5,7239.976247,14,451600,1,8107,0,,
2015/7/6,2456.581757,10,451600,1,652389,0,,
2015/7/7,12750.00294,7,451600,1,34946,0,,
2015/7/8,7677.470957,13,451600,1,1633,0,,
2015/7/9,5807.52,12,451600,1,516,0,,
2015/7/10,21.26404214,13,451600,1,1065,0,,
2015/7/11,2093.75933,9,451600,1,1622,0,,
2015/7/12,505,2,451600,1,3187,0,,
2015/7/13,4548.088021,12,451600,1,242557,0,,
2015/7/14,64228.31217,30,451600,1,31442,0,,
2015/7/15,1624.500383,5,451600,1,1132,0,,
2015/7/16,89819.38245,25,451600,1,33532,0,,
2015/7/17,61993.90094,32,451600,1,665897,0,,
2015/7/18,5008.033898,11,451600,1,50532,0,,
2015/7/19,2200,2,451600,1,2709,0,,
2015/7/20,178.7536874,7,451600,1,659,0,,
2015/7/21,6689.305111,6,451600,1,5796,0,,
2015/7/22,582.7130853,11,451600,1,507,0,,
2015/7/23,14842.5,10,451600,1,4234,0,,
2015/7/24,38882.24681,29,451600,1,32140,0,,
2015/7/25,296.5926073,9,451600,1,521,0,,
2015/7/26,296.7835018,9,451600,1,25,0,,
2015/7/27,12660.75021,27,451600,1,2251,0,,
2015/7/28,3342.074058,14,451600,1,50303,0,,
2015/7/29,402092.5168,9,451600,1,404935,0,,
2015/7/30,624.49,3,451600,1,28285,0,,
2015/7/31,8212.13,2,451600,1,110,0,,
2015/8/1,220.2,3,451600,1,1766,0,,
2015/8/2,4341.748821,7,451600,1,4443,0,,
2015/8/3,1467.406518,12,451600,1,258279,0,,
2015/8/4,3695,2,451600,1,4182,0,,
2015/8/5,12331.84595,18,451600,1,11013,0,,
2015/8/6,18246.51699,23,451600,1,15979,0,,
2015/8/7,280003.0509,19,451600,1,189055,0,,
2015/8/8,129.5799953,7,451600,1,2229,0,,
2015/8/9,73300.24349,24,451600,1,657,0,,
2015/8/10,82941.84153,19,451600,1,152265,0,,
2015/8/11,16846.6258,21,451600,1,526,0,,
2015/8/12,6963.13703,25,451600,1,1602,0,,
2015/8/13,83.92,3,451600,1,1521,0,,
2015/8/14,4926.848023,14,451600,1,2346,0,,
2015/8/15,745.661963,18,451600,1,4232,0,,
2015/8/16,383.435651,18,451600,1,1644,0,,
2015/8/17,43131.99243,15,451600,1,20942,0,,
2015/8/18,36109.82722,38,451600,1,65246,0,,
2015/8/19,242771.8522,77,451600,1,157207,0,,
2015/8/20,4916.431763,13,451600,1,2841,0,,
2015/8/21,4900.500119,7,451600,1,5957,0,,
2015/8/22,100.6600861,5,451600,1,1296,0,,
2015/8/23,34.4532417,5,451600,1,2275,0,,
2015/8/24,1584.195604,6,451600,1,73637,0,,
2015/8/25,417127.86,30,451600,1,433444,0,,
2015/8/26,129150.5362,7,451600,1,1643,0,,
2015/8/27,1639.148861,5,451600,1,2446,0,,
2015/8/28,6739.107631,14,451600,1,6213,0,,
2015/8/29,2193.738403,11,451600,1,1207,0,,
2015/8/30,470.3678304,40,451600,1,3319,0,,
2015/8/31,9924.714681,47,451600,1,7022,0,,
2015/9/1,4283.100292,16,451600,1,6136,0,,
2015/9/2,518.4110877,22,451600,1,1710,0,,
2015/9/3,696.374092,26,451600,1,890,0,,
2015/9/4,170.4224964,17,451600,1,672,0,,
2015/9/5,14015.12055,51,451600,1,13467,0,,
2015/9/6,23227.94516,35,451600,1,17951,0,,
2015/9/7,19324.15243,29,451600,1,22316,0,,
2015/9/8,3063.073467,24,451600,1,2963,0,,
2015/9/9,100827.5379,632,451600,1,106307,0,,
2015/9/10,10001.02113,209,451600,1,9265,0,,
2015/9/11,53204.04593,18,451600,1,29213,0,,
2015/9/12,6718,9,451600,1,4331,0,,
2015/9/13,118.8643733,6,451600,1,696,0,,
2015/9/14,16374.14681,63,451600,1,228,0,,
2015/9/15,71785.54698,32,451600,1,71982,0,,
2015/9/16,130657.478,27,451600,1,52821,0,,
2015/9/17,77955.41063,29,451600,1,28268,0,,
2015/9/18,23159.62181,19,451600,1,15624,0,,
2015/9/19,1052.104491,7,451600,1,821,0,,
2015/9/20,39,2,451600,1,112,0,,
2015/9/21,10061.97555,13,451600,1,9470,0,,
2015/9/22,21791.63458,39,451600,1,19998,0,,
2015/9/23,1011.811815,33,451600,1,5751,0,,
2015/9/24,102264.1233,19,451600,1,103489,0,,
2015/9/25,216.4042847,31,451600,1,608,0,,
2015/9/26,3758.855746,7,451600,1,528,0,,
2015/9/27,0.05626672,4,451600,1,1998,0,,
2015/9/28,406418.81,18,451600,1,394927,0,,
2015/9/29,413900.4813,36,451600,1,419071,0,,
2015/9/30,143549.778,21,451600,1,142982,0,,
2015/10/1,179093.847,10,451600,1,178994,0,,
2015/10/2,13070.76148,12,451600,1,14619,0,,
2015/10/3,369769.3145,18,451600,1,368077,0,,
2015/10/4,70572.6357,10,451600,1,3459,0,,
2015/10/5,19430.57844,18,451600,1,17654,0,,
2015/10/6,52627.25678,36,451600,1,55914,0,,
2015/10/7,9019.851828,31,451600,1,8055,0,,
2015/10/8,2744.746482,43,451600,1,5197,0,,
2015/10/9,57565.82766,18,451600,1,1830,0,,
2015/10/10,128339.37,10,451600,1,117,0,,
2015/10/11,23476.93344,7,451600,1,47946,0,,
2015/10/12,57078.5846,77,451600,1,25978,0,,
2015/10/13,137401.9716,45,451600,1,122426,0,,
2015/10/14,10672.82408,20,451600,1,10378,0,,
2015/10/15,105036.3313,86,451600,1,98815,0,,
2015/10/16,49129.23571,46,451600,1,37796,0,,
2015/10/17,4255.827796,25,451600,1,3697,0,,
2015/10/18,4454.459232,31,451600,1,3108,0,,
2015/10/19,3949.4,8,451600,1,6589,0,,
2015/10/20,40811.17825,37,451600,1,30335,0,,
2015/10/21,22586.99746,24,451600,1,42472,0,,
2015/10/22,136362.2675,41,451600,1,76061,0,,
2015/10/23,181614.0835,44,451600,1,115132,0,,
2015/10/24,106246.7321,44,451600,1,73679,0,,
2015/10/25,162936.6914,51,451600,1,191596,0,,
2015/10/26,38583.88396,37,451600,1,40692,0,,
2015/10/27,57661.63074,75,451600,1,51400,0,,
2015/10/28,67468.0068,68,451600,1,64488,0,,
2015/10/29,223216.3435,67,451600,1,227491,0,,
2015/10/30,230282.4113,86,451600,1,26909,0,,
2015/10/31,35748.82022,76,451600,1,26367,0,,
2015/11/1,7350.793416,47,451600,1,4506,0,,
2015/11/2,291428.7191,131,451600,1,15845,0,,
2015/11/3,47861.78898,177,451600,1,90103,0,,
2015/11/4,158757.6607,193,451600,1,181021,0,,
2015/11/5,236831.9278,153,451600,1,226537,0,,
2015/11/6,363002.0887,139,451600,1,372540,0,,
2015/11/7,665849.3742,98,451600,1,999501,0,,
2015/11/8,12467.16707,49,451600,1,143097,0,,
2015/11/9,40012.39089,81,451600,1,18568,0,,
2015/11/10,567875.4743,28,451600,1,14722,0,,
2015/11/11,1752963.118,37,451600,1,34324,0,,
2015/11/12,38528.21658,44,451600,1,34994,0,,
2015/11/13,65183.84712,51,451600,1,49617,0,,
2015/11/14,30865.51786,29,451600,1,28995,0,,
2015/11/15,7264.642568,20,451600,1,33393,0,,
2015/11/16,9159.695388,9,451600,1,10553,0,,
2015/11/17,18573.77208,10,451600,1,25693,0,,
2015/11/18,2088.068566,22,451600,1,6058,0,,
2015/11/19,15836.01918,40,451600,1,18891,0,,
2015/11/20,19628.35224,38,451600,1,10003,0,,
2015/11/21,3899.69592,15,451600,1,6456,0,,
2015/11/22,2802.774859,21,451600,1,5443,0,,
2015/11/23,29363.58199,11,451600,1,25499,0,,
2015/11/24,6900.897529,13,451600,1,11121,0,,
2015/11/25,1493.13,15,451600,1,6875,0,,
2015/11/26,11735.58132,54,451600,1,20800,0,,
2015/11/27,12620.58257,40,451600,1,8253,0,,
2015/11/28,16187.69603,18,451600,1,22508,0,,
2015/11/29,105847.12,7,451600,1,134696,0,,
2015/11/30,413740.7539,33,451600,1,659724,0,,
2015/12/1,572995.9242,33,951599.6612,1,129772,500000,,
2015/12/2,250237.9727,34,951594.2904,0.999994,195747,0,,
2015/12/3,267947.7,26,951600,1,141337,0,,
2015/12/4,6171.631077,15,951600,1,7738,0,,
2015/12/5,4554.803144,11,951600,1,21568,0,,
2015/12/6,217621.4454,71,951600,1,220143,0,,
2015/12/7,4296.990525,45,951600,1,11224,0,,
2015/12/8,640807.3128,53,951752,1,9504,0,,
2015/12/9,1024343.03,105,951676,1,17421,0,,
2015/12/10,21350.503,41,951600,1,23195,0,,
2015/12/11,146317.7851,40,951600,1,102209,0,,
2015/12/12,23657.56254,80,951600,1,39261,0,,
2015/12/13,13154.38685,58,951600,1,13796,0,,
2015/12/14,4475.173653,68,951600,1,8173,0,,
2015/12/15,1110783.779,78,951600,1,22210,0,,
2015/12/16,212630.8454,82,951600,1,143155,0,,
2015/12/17,1512069.199,32,951600,1,2226,0,,
2015/12/18,1382267.783,71,951600,1,6493,0,,
2015/12/19,14582.6601,62,951600,1,23202,0,,
2015/12/20,3814.776537,26,951600,1,16100,0,,
2015/12/21,8974.341404,29,951600.4177,1,18913,0,,
2015/12/22,1533946.371,35,951470.9508,0.999864,10915,0,,
2015/12/23,527216.1054,35,951414.438,0.999805,66711,0,,
2015/12/24,164329.6266,47,951600,1,91078,0,,
2015/12/25,618007.9469,45,951600,1,618112,0,,
2015/12/26,7732.432292,19,951600,1,15305,0,,
2015/12/27,25348.55313,21,951600,1,26317,0,,
2015/12/28,158066.1156,23,951600,1,82323,0,,
2015/12/29,18856.08921,65,951600,1,14115,0,,
2015/12/30,257798.6614,25,951600,1,7389,0,,
2015/12/31,7469.653791,24,951600,1,6995,0,,
2016/1/1,4095.227022,28,951600,1,4876,0,,
2016/1/2,2075.799603,92,951600,1,4701,0,,
2016/1/3,410.9043558,497,951600,1,1389,0,,
2016/1/4,163693.158,1564,951600,1,81182,0,,
2016/1/5,1581.941165,52,951838,1,1350,0,,
2016/1/6,1061117.811,28,1451600,1,541019,500000,,
2016/1/7,856329.2654,73,1451600,1,25544,0,,
2016/1/8,20355.39869,44,1451600,1,13420,0,,
2016/1/9,2168.811269,18,1451600,1,3359,0,,
2016/1/10,66943.95556,33,1451600,1,66196,0,,
2016/1/11,315639.7437,34,1451600,1,118900,0,,
2016/1/12,2051.220637,28,1451600,1,11714,0,,
2016/1/13,364136.3686,25,1452253,1,9873,0,,
2016/1/14,22990.62366,26,1451600,1,20292,0,,
2016/1/15,172739.0645,26,1451600,1,95995,0,,
2016/1/16,65751.76907,43,1452195,1,74254,0,,
2016/1/17,5258.524259,26,1451600,1,17361,0,,
2016/1/18,141385.0935,71,1451600,1,160834,0,,
2016/1/19,2733444.034,36,1451600,1,9857,0,,
2016/1/20,1282746.69,39,1451600,1,17069,0,,
2016/1/21,29388.95847,50,1451600,1,35772,0,,
2016/1/22,968254.1918,39,1451702,1,26682,0,,
2016/1/23,14178.87016,32,1451818,1,28438,0,,
2016/1/24,8726.170155,20,1451615,1,21139,0,,
2016/1/25,17008.029,42,1451615,1,44570,0,,
2016/1/26,82640.20272,18,1451600,1,69162,0,,
2016/1/27,19464.10959,48,1451600,1,37598,0,,
2016/1/28,303640.1264,52,1451600.452,1,155498,0,,
2016/1/29,81974.54152,39,1451598.484,0.999999,73399,0,,
2016/1/30,5160.749162,10,1451568.065,0.999978,6307,0,,
2016/1/31,3133.771265,16,1451600.452,1,10385,0,,
2016/2/1,59413.45885,30,1451598.548,0.999999,76317,0,,
2016/2/2,705968.7928,22,1451555,0.999969,7113,0,,
2016/2/3,208393.9999,58,1451600,1,104733,0,,
2016/2/4,210878.9791,53,1451600,1,150392,0,,
2016/2/5,225801.9859,31,1451600,1,97341,0,,
2016/2/6,709855.8777,32,1451600,1,715070,0,,
2016/2/7,13340.8765,29,1451600,1,27176,0,,
2016/2/8,37698.91429,30,1451600,1,36002,0,,
2016/2/9,11668.43192,21,1451600,1,36351,0,,
2016/2/10,55584.98677,63,1451600,1,125936,0,,
2016/2/11,32186.11774,50,1451600,1,65354,0,,
2016/2/12,301608.7533,110,1451600,1,407856,0,,
2016/2/13,27296.7948,67,1451600,1,98085,0,,
2016/2/14,25414.51663,62,1452892,1,52365,0,,
2016/2/15,56517.2136,73,1451615,1,95454,0,,
2016/2/16,18102.78752,30,1451615,1,58641,0,,
2016/2/17,268097.0936,99,1451600,1,169298,0,,
2016/2/18,47982.92002,60,1451600,1,71827,0,,
2016/2/19,26786.58992,40,1451600,1,50866,0,,
2016/2/20,30640.87076,61,1451600,1,57051,0,,
2016/2/21,28478.71279,93,1451600,1,55018,0,,
2016/2/22,19443.5455,55,1451600,1,46520,0,,
2016/2/23,32252.3437,56,1451600,1,107259,0,,
2016/2/24,29778.2209,66,1451600.45,1,85160,0,,
2016/2/25,496945.2346,195,1451373.55,0.999844,433922,0,,
2016/2/26,111925.4674,82,1451600,1,102891,0,,
2016/2/27,73924.8566,61,1451600,1,96721,0,,
2016/2/28,45114.49877,57,1451600,1,114084,0,,
2016/2/29,68167.57044,49,1451629,1,77532,0,,
2016/3/1,336111.0741,70,1451600.064,1,143221,0,,
2016/3/2,36529.32898,65,1451587.096,0.999991,61533,0,,
2016/3/3,64503.24376,55,1451543.839,0.999961,179492,0,,
2016/3/4,29095.30106,76,1451598.548,0.999999,150575,0,,
2016/3/5,184693.0733,131,1451600,1,354905,0,,
2016/3/6,81931.04532,107,1451599.903,1,279531,0,,
2016/3/7,44788.47233,22,1451597,0.999998,143086,0,,
2016/3/8,57789.20395,22,1451597.097,0.999998,144215,0,,
2016/3/9,38036.0508,30,1451600.418,1,158280,0,,
2016/3/10,29260.98514,38,1451447.292,0.999895,126353,0,,
2016/3/11,39305.54045,32,1451591.548,0.999994,92528,0,,
2016/3/12,22670.33378,23,1451593.16,0.999995,253278,0,,
2016/3/13,20668.01138,46,1451449.065,0.999896,209067,0,,
2016/3/14,51931.27016,81,1451479.227,0.999917,369834,0,,
2016/3/15,40016.02454,61,1451591.29,0.999994,72352,0,,
2016/3/16,18876.6,29,1451600,1,74773,0,,
2016/3/17,70527.2251,54,1451599.677,1,219091,0,,
2016/3/18,66995.43851,41,1451571.226,0.999983,326978,0,,
2016/3/19,66359.7054,31,1451593,0.999998,119685,0,,
2016/3/20,16719.02274,20,1451588,0.999998,82858,0,,
2016/3/21,85980.68958,48,1451588.548,0.999998,188116,0,,
2016/3/22,44456.68268,39,1451590,0.999999,118249,0,,
2016/3/23,74476.04152,25,1451590,0.999999,82970,0,,
2016/3/24,32886.56726,40,1451589.193,0.999999,108214,0,,
2016/3/25,13641.056,18,1451551.807,0.999973,32068,0,,
2016/3/26,12678.8378,22,1451591,1,43612,0,,
2016/3/27,64869.20147,48,1451591,1,111330,0,,
2016/3/28,39133.25478,44,1451591,1,112757,0,,
2016/3/29,943172.2462,56,1451591,1,1042210,0,,
2016/3/30,79819.79733,38,1451591,1,204201,0,,
2016/3/31,128172.8744,49,1451591,1,147747,0,,
2016/4/1,122585.3824,45,1451591,1,50033,0,,
2016/4/2,124117.7107,23,1451591,1,103658,0,,
2016/4/3,51871.29913,80,1451591,1,99267,0,,
2016/4/4,532874.9962,98,1451591,1,486533,0,,
2016/4/5,59443.66205,26,1451591,1,115498,0,,
2016/4/6,56311.82377,50,1451620,1,82048,0,,
2016/4/7,6230.538298,17,1451620,1,44185,0,,
2016/4/8,353469.9787,25,1451591,1,441626,0,,
2016/4/9,24103.87834,63,1451591,1,117876,0,,
2016/4/10,4193.426479,29,1451591,1,173469,0,,
2016/4/11,10009.52717,38,1451590.771,1,38497,0,,
2016/4/12,342049.4497,49,1451367.455,0.999846,430502,0,,
2016/4/13,163286.8224,41,1451591,1,173569,0,,
2016/4/14,417958.4543,39,1451591,1,349208,0,,
2016/4/15,66130.98132,19,1451591,1,79197,0,,
2016/4/16,51439.37503,17,1451591,1,66411,0,,
2016/4/17,27361.37221,39,1451591,1,121920,0,,
2016/4/18,229555.5141,35,1451591,1,160979,0,,
2016/4/19,78315.25517,27,1451591,1,116370,0,,
2016/4/20,73474.15519,42,1451591,1,103226,0,,
2016/4/21,203689.9768,65,1451591,1,278840,0,,
2016/4/22,158854.6106,62,1451591,1,143608,0,,
2016/4/23,502151.8509,31,1451591,1,512936,0,,
2016/4/24,42019.07652,23,1451591,1,68016,0,,
2016/4/25,367369.1543,57,1451591,1,298864,0,,
2016/4/26,503331.0875,48,1451591,1,515109,0,,
2016/4/27,1012492.759,39,1451591,1,481952,0,,
2016/4/28,576895.7426,70,1951591,1,544476,500000,,
2016/4/29,187019.2771,51,1951591,1,146006,0,,
2016/4/30,534424.8873,81,1951591,1,454278,0,,
2016/5/1,20638.76152,33,1951591,1,49006,0,,
2016/5/2,92171.67392,52,1951591,1,193440,0,,
2016/5/3,422976.6683,27,1951591,1,408428,0,,
2016/5/4,300432.3856,24,1951591,1,215176,0,,
2016/5/5,1200700.369,33,1951591,1,753773,0,,
2016/5/6,2697793.765,47,1951591,1,2747610,0,,
2016/5/7,34305.71699,41,1951591,1,73083,0,,
2016/5/8,45545.17353,16,1951591,1,80059,0,,
2016/5/9,397959.2986,27,1951591,1,324466,0,,
2016/5/10,6493842.603,51,1951591,1,6102180,0,,
2016/5/11,231174.029,27,1951591,1,270254,0,,
2016/5/12,356506.9779,25,1951591,1,168513,0,,
2016/5/13,4384.477892,21,1957953,1,62149,0,,
2016/5/14,3074.732278,4,1958578,1,61320,0,,
2016/5/15,164492.739,26,1951591,1,219450,0,,
2016/5/16,1017157.869,16,1951591,1,567230,0,,
2016/5/17,136225.456,27,1951591,1,178706,0,,
2016/5/18,192796.064,71,1951591,1,229307,0,,
2016/5/19,251927.7157,56,1951591,1,329926,0,,
2016/5/20,210854.088,112,1951591,1,261677,0,,
2016/5/21,112925.9239,121,1951591,1,167338,0,,
2016/5/22,8204.120209,42,1951591,1,104196,0,,
2016/5/23,293813.8314,89,1951591,1,190548,0,,
2016/5/24,214697.9013,56,1951630,1,153609,0,,
2016/5/25,154644.1479,45,1951591,1,209870,0,,
2016/5/26,5704808.616,60,1951591,1,5707670,0,,
2016/5/27,509396.7247,164,1951591,1,707718,0,,
2016/5/28,317450.2687,292,1951591,1,613257,0,,
2016/5/29,1775536.407,292,1951591,1,705697,0,,
2016/5/30,606096.233,198,1951591,1,422532,0,,
2016/5/31,189224.6768,198,1951591,1,2580270,0,,
2016/6/1,1270324.174,256,2951591,1,1030660,1000000,,
2016/6/2,203375.4182,119,2951591,1,223416,0,,
2016/6/3,5068283.234,197,2951591,1,2459760,0,,
2016/6/4,110700.3883,73,2951591,1,438311,0,,
2016/6/5,237055.9273,52,2951591,1,139775,0,,
2016/6/6,725021.3642,98,2951591,1,792495,0,,
2016/6/7,107273.9318,107,2951591,1,295779,0,,
2016/6/8,44319.91045,57,2951591,1,155586,0,,
2016/6/9,1760383.226,105,2951591,1,149115,0,,
2016/6/10,203204.5614,63,2951591,1,206234,0,,
2016/6/11,32012.4303,57,2951591,1,134797,0,,
2016/6/12,369994.6155,325,2951591,1,1030810,0,,
2016/6/13,1479682.387,368,2951591,1,1673420,0,,
2016/6/14,2514520.605,456,5951591,1,2479570,3000000,,
2016/6/15,3424905.6,455,5951591,1,1738970,0,,
2016/6/16,2013100.146,456,5951590.952,1,3547690,0,,
2016/6/17,1824369.875,400,5951585,0.999999,6105470,0,,
2016/6/18,1265316.613,294,5951585,0.999999,3759450,0,,
2016/6/19,438635.7222,163,5951585,0.999999,1377470,0,,
2016/6/20,2653353.15,152,5951585.048,0.999999,2855850,0,,
2016/6/21,2892958.399,307,5951591,1,3652970,0,,
2016/6/22,1668924.084,220,5951591,1,3966370,0,,
2016/6/23,799543.2942,273,5951591,1,2838010,0,,
2016/6/24,1875199.589,207,5951651,1,3067830,0,,
2016/6/25,160153.4813,136,5951651,1,1223680,0,,
2016/6/26,364879.1953,109,5951651,1,798039,0,,
2016/6/27,149436.0778,97,5951590.628,1,576205,0,,
2016/6/28,1515107.7,153,5951311.275,0.999953,2242170,0,,
2016/6/29,456169.5705,83,5951591,1,808151,0,,
2016/6/30,858885.456,100,5951591,1,1322550,0,,
2016/7/1,716453.4643,95,5951591,1,985150,0,,
2016/7/2,162157.959,48,5951591,1,561867,0,,
2016/7/3,613570.0685,65,5951591,1,1161670,0,,
2016/7/4,845933.2913,186,5951591,1,1703670,0,,
2016/7/5,742477.1635,135,5951591,1,1405480,0,,
2016/7/6,289360.3004,76,5951591,1,567909,0,,
2016/7/7,1210858.573,165,5951590.564,1,1875330,0,,
2016/7/8,760462.9342,98,5951537.387,0.999991,1277010,0,,
2016/7/9,337352.4397,81,5951585,0.999999,878486,0,,
2016/7/10,157524.6135,42,5951585,0.999999,284642,0,,
2016/7/11,456928.7267,71,5952537.047,0.999999,651964,0,,
2016/7/12,702652.7747,69,6951591,1,888710,1000000,,
2016/7/13,344582.4774,44,6951591,1,368649,0,,
2016/7/14,353030.2126,45,6951591,1,640118,0,,
2016/7/15,433886.9476,60,6951591,1,581262,0,,
2016/7/16,177197.9048,38,6951591,1,289175,0,,
2016/7/17,161099.4921,32,6951591,1,333668,0,,
2016/7/18,613438.8097,107,6951591,1,1131710,0,,
2016/7/19,696546.0592,51,6951661,1,798546,0,,
2016/7/20,1472008.868,79,6951591,1,1571990,0,,
2016/7/21,241224.1791,31,6951591,1,313139,0,,
2016/7/22,779783.4031,118,6951591,1,1537170,0,,
2016/7/23,321721.0754,38,6951591,1,618298,0,,
2016/7/24,518825.6126,66,6951591,1,1208880,0,,
2016/7/25,1230537.773,40,6951590.952,1,1425810,0,,
2016/7/26,957040.088,91,6951584.048,0.999999,1867980,0,,
2016/7/27,577734.5931,89,6951591,1,928283,0,,
2016/7/28,961048.5687,55,6951591,1,1369300,0,,
2016/7/29,344053.1936,38,6952147,1,351932,0,,
2016/7/30,48588.43394,15,6951661,1,158622,0,,
2016/7/31,230427.1887,49,6951591.209,1,893038,0,,
2016/8/1,910421.8474,113,6951326.791,0.999962,1944300,0,,
2016/8/2,941789.4032,111,6951583.806,0.999999,7399410,0,,
2016/8/3,198836.7501,75,6951556.048,0.999995,4139570,0,,
2016/8/4,20744.17838,22,6951563,0.999996,2005600,0,,
2016/8/5,25407.76242,28,6951563.109,0.999996,623230,0,,
2016/8/6,50007.35375,11,6950415.736,0.999831,879406,0,,
2016/8/7,9759.799909,37,6948511,0.999557,1205650,0,,
2016/8/8,33926.86073,23,6948511,0.999557,613117,0,,
2016/8/9,137890.4422,23,6948511,0.999557,1735260,0,,
2016/8/10,92099.3111,28,6948511.513,0.999557,1457520,0,,
2016/8/11,20892.14088,24,6766845.124,0.973424,1162530,0,,
2016/8/12,10738.55863,24,6690016.8,0.962372,912390,0,,
2016/8/13,245852.5951,41,6687833.688,0.962058,593801,0,,
2016/8/14,254162.0696,49,6951584,0.999999,1274390,0,,
2016/8/15,898115.4088,42,6951584,0.999999,1680290,0,,
2016/8/16,1913437.956,82,6951584.048,0.999999,2197340,0,,
2016/8/17,2026805.693,89,6951591,1,2394770,0,,
2016/8/18,406102.1041,45,6951591,1,849307,0,,
2016/8/19,804660.0336,54,6951591,1,1258110,0,,
2016/8/20,267162.5672,48,6951591,1,603297,0,,
2016/8/21,202482.281,35,6951591,1,281378,0,,
2016/8/22,143971.2079,43,6951591,1,1041420,0,,
2016/8/23,815089.4725,49,6951591,1,1240630,0,,
2016/8/24,280311.1048,34,6951591,1,546685,0,,
2016/8/25,580307.1745,53,6951591,1,965926,0,,
2016/8/26,386643.6752,42,6951591,1,731230,0,,
2016/8/27,13952.45634,12,6951591,1,555019,0,,
2016/8/28,33582.88635,15,6951591,1,1215110,0,,
2016/8/29,192047.1612,34,6951591,1,1591130,0,,
2016/8/30,401356.2654,65,6951591,1,1062640,0,,
2016/8/31,120662.1046,20,6951591,1,908476,0,,
2016/9/1,150354.6972,42,6951591,1,838378,0,,
2016/9/2,507450.4909,39,6951591,1,1472930,0,,
2016/9/3,358873.0425,40,6951591,1,2641030,0,,
2016/9/4,446081.5211,62,6951591,1,1248710,0,,
2016/9/5,469130.5391,45,6951591,1,1536980,0,,
2016/9/6,630700.8669,48,6951591,1,1149260,0,,
2016/9/7,877518.492,64,6951591,1,1727020,0,,
2016/9/8,328061.1969,50,6951591,1,960491,0,,
2016/9/9,177494.6618,19,6951591,1,592391,0,,
2016/9/10,86620.0549,15,6951591,1,301128,0,,
2016/9/11,322707.7527,33,6951591,1,968191,0,,
2016/9/12,416847.3439,34,6956457,1,982954,0,,
2016/9/13,834909.7138,50,6951660,1,1503640,0,,
2016/9/14,846881.2886,38,6951591,1,845294,0,,
2016/9/15,116779.0215,32,6951590.661,1,774746,0,,
2016/9/16,253301.1266,64,6951542.29,0.999993,719125,0,,
2016/9/17,42069.40318,47,6951584,0.999999,243461,0,,
2016/9/18,175155.8268,21,6951584.321,0.999999,579543,0,,
2016/9/19,110305.3012,29,6951055.679,0.999923,518342,0,,
2016/9/20,3822360.585,70,6951584,0.999999,1590290,0,,
2016/9/21,448903.4204,38,6951584.468,0.999999,1023360,0,,
2016/9/22,301588.051,34,6951514.484,0.999989,748610,0,,
2016/9/23,122506.9483,25,6951584,0.999999,907263,0,,
2016/9/24,166972.2358,23,6951584,0.999999,273642,0,,
2016/9/25,126531.5624,28,6951584.048,0.999999,204381,0,,
2016/9/26,155046.3844,30,6951591,1,479180,0,,
2016/9/27,110205.1755,20,6951591,1,370561,0,,
2016/9/28,28548.12052,41,6951591,1,243485,0,,
2016/9/29,141112.3313,35,6951591,1,289768,0,,
2016/9/30,725525.742,39,6951591,1,402548,0,,
2016/10/1,124053.7963,34,6951591,1,365091,0,,
2016/10/2,61088.29926,18,6951590.903,1,263174,0,,
2016/10/3,135432.2915,37,6951577,0.999998,335206,0,,
2016/10/4,339061.3249,43,6951577.097,0.999998,462509,0,,
2016/10/5,246077.698,24,6951591,1,753062,0,,
2016/10/6,34413.1733,26,6951591,1,406883,0,,
2016/10/7,240286.2199,33,6951591,1,501840,0,,
2016/10/8,169984.5778,24,6951591,1,369612,0,,
2016/10/9,8773.316934,13,6951591,1,254639,0,,
2016/10/10,249127.1493,29,6951591,1,346058,0,,
2016/10/11,617247.3767,81,6951591,1,1153880,0,,
2016/10/12,149886.5426,43,6951591,1,485002,0,,
2016/10/13,281590.7037,36,6951591,1,359664,0,,
2016/10/14,121328.1935,58,6951590.952,1,233907,0,,
2016/10/15,221768.4767,21,6951584.048,0.999999,278547,0,,
2016/10/16,89077.15771,23,6951591,1,292196,0,,
2016/10/17,845856.541,86,6951591,1,1045550,0,,
2016/10/18,132530.7606,31,6951591,1,321977,0,,
2016/10/19,91700.85335,24,6951591,1,410009,0,,
2016/10/20,68548.08764,40,6951591,1,205344,0,,
2016/10/21,156126.1325,40,6951590,1,185916,0,,
2016/10/22,641644.9797,64,6951590,1,794533,0,,
2016/10/23,419311.2905,44,6951590,1,633006,0,,
2016/10/24,278984.0608,31,6951590,1,274414,0,,
2016/10/25,325607.1102,45,6951590,1,552686,0,,
2016/10/26,553422.4508,58,6951590,1,762026,0,,
2016/10/27,220142.7942,49,6951590,1,747629,0,,
2016/10/28,363180.5213,53,6951590,1,874147,0,,
2016/10/29,969977.2004,92,6951590,1,2077010,0,,
2016/10/30,912147.8314,48,6951590,1,1550060,0,,
2016/10/31,315775.7531,54,6951590,1,1022220,0,,
2016/11/1,1187979.868,75,6951589,1,2244990,0,,
2016/11/2,1135436.373,58,6951589,1,1449000,0,,
2016/11/3,1230893.645,72,6951589,1,2399930,0,,
2016/11/4,1104249.171,48,6951589,1,1256100,0,,
2016/11/5,88058.60141,21,6951589,1,417538,0,,
2016/11/6,402210.9534,37,6951589,1,931269,0,,
2016/11/7,250753.4557,37,6951589,1,589834,0,,
2016/11/8,408148.3387,43,6951589,1,768255,0,,
2016/11/9,909724.648,107,6951589,1,1916180,0,,
2016/11/10,164397.9079,21,6951588.855,1,481368,0,,
2016/11/11,241832.0859,31,6951568.145,0.999997,661204,0,,
2016/11/12,298418.4513,52,6951590,1,670202,0,,
2016/11/13,267095.0767,40,6951590,1,898023,0,,
2016/11/14,185531.8728,42,6951590,1,389749,0,,
2016/11/15,1895003.319,34,6951590,1,2252560,0,,
2016/11/16,595930.8849,39,6951590,1,1524490,0,,
2016/11/17,641939.2006,75,6951590,1,987757,0,,
2016/11/18,189554.5095,38,6951590,1,566442,0,,
2016/11/19,198675.8384,27,6951590,1,444691,0,,
2016/11/20,650636.551,29,6951590,1,1149160,0,,
2016/11/21,2342264.794,37,6951590,1,2210850,0,,
2016/11/22,438765.7754,19,6951590,1,996653,0,,
2016/11/23,111998.3633,37,6951590,1,533171,0,,
2016/11/24,562604.0861,36,6951590,1,1157470,0,,
2016/11/25,188559.7858,64,6951590,1,447527,0,,
2016/11/26,189049.7635,53,6951590,1,398097,0,,
2016/11/27,195437.5176,25,6951590,1,369032,0,,
2016/11/28,1209263.51,66,6951590,1,293938,0,,
2016/11/29,281944.8837,43,6951590,1,602186,0,,
2016/11/30,227075.8939,51,6951590,1,517118,0,,
2016/12/1,673208.7125,46,6951590,1,916660,0,,
2016/12/2,576634.1509,61,6951590,1,1548020,0,,
2016/12/3,498971.3365,52,6951729,1,566210,0,,
2016/12/4,190200.488,39,6952841,1,338054,0,,
2016/12/5,698088.5364,56,6951729,1,1166450,0,,
2016/12/6,1135514.516,65,6951590,1,2074660,0,,
2016/12/7,333553.7409,54,6951590,1,677377,0,,
2016/12/8,153883.9005,48,6951590,1,424174,0,,
2016/12/9,76303.03242,37,6951590,1,257304,0,,
2016/12/10,114381.2311,36,6951590,1,289281,0,,
2016/12/11,38142.90813,33,6951590,1,419496,0,,
2016/12/12,746829.1366,64,6951590,1,735546,0,,
2016/12/13,1016603.201,54,6951590,1,923361,0,,
2016/12/14,653457.2269,38,6951590,1,585908,0,,
2016/12/15,322969.5119,57,6951590,1,388753,0,,
2016/12/16,70805.39524,33,6951798,1,207220,0,,
2016/12/17,262478.9758,37,6951798,1,372542,0,,
2016/12/18,304736.1967,40,6951659,1,430745,0,,
2016/12/19,264915.641,48,6951590,1,403551,0,,
2016/12/20,71563.67666,54,6951590,1,412630,0,,
2016/12/21,307184.5771,75,6951590,1,821307,0,,
2016/12/22,673909.0742,110,6951590,1,1247890,0,,
2016/12/23,1380285.012,163,6952771,1,2873180,0,,
2016/12/24,850356.0362,73,6951659,1,1808220,0,,
2016/12/25,558647.6569,82,6951659,1,1911330,0,,
2016/12/26,1633088.128,103,6951659,1,1279530,0,,
2016/12/27,1058557.837,117,6951659,1,2108650,0,,
2016/12/28,1362666.841,169,6951868,1,2943940,0,,
2016/12/29,1937348.656,159,6951729,1,2794880,0,,
2016/12/30,1300972.551,150,9951789,1,2515800,3000000,,
2016/12/31,1319673.612,81,9951689,1,775440,0,,
2017/1/1,625441.323,66,9951689,1,1946000,0,,
2017/1/2,1106414.31,154,9951689,1,3107780,0,,
2017/1/3,2147113.6,233,9951689,1,3267910,0,,
2017/1/4,5328914.163,259,9951689,1,7463910,0,,
2017/1/5,3459536.859,177,14951739,1,13406600,5000000,,
2017/1/6,2994990.159,219,14951740,1,7969720,0,,
2017/1/7,2032693.897,196,14951740,1,5932450,0,,
2017/1/8,1025979.482,233,14951740,1,3800480,0,,
2017/1/9,956620.4137,73,14951740,1,2717290,0,,
2017/1/10,869692.9423,113,14951720,1,1379840,0,,
2017/1/11,3580703.689,145,14951720,1,9628470,0,,
2017/1/12,2759969.353,149,14951720,1,5552980,0,,
2017/1/13,893986.4226,130,14951720,1,2739310,0,,
2017/1/14,579035.1673,122,14952019,1,1533240,0,,
2017/1/15,3509542,83,14951870,1,1334200,0,,
2017/1/16,801849.9389,53,14951720,1,1223000,0,,
2017/1/17,1680850.694,207,14951720,1,4345620,0,,
2017/1/18,1318033.873,124,14951720,1,3458060,0,,
2017/1/19,1566006.358,135,14951720,1,2241690,0,,
2017/1/20,2466027.24,87,14951720,1,2085240,0,,
2017/1/21,1181870.844,130,14951740,1,2455610,0,,
2017/1/22,1076128.883,97,14951740,1,2629330,0,,
2017/1/23,1740926.727,100,14951740,1,2533860,0,,
2017/1/24,1213995.536,99,14951740,1,3160230,0,,
2017/1/25,898603.0099,78,14951740,1,1565260,0,,
2017/1/26,1042282.76,126,14951740,1,1814250,0,,
2017/1/27,660623.0752,99,14951740,1,1360880,0,,
2017/1/28,1684816.189,78,14951740,1,1560910,0,,
2017/1/29,1346304.677,95,14951740,1,745036,0,,
2017/1/30,278628.0352,79,14956375,1,681519,0,,
2017/1/31,2218215.147,104,24951590.85,1,2762940,10000000,,
2017/2/1,2140046.775,116,24951516.1,0.999997,3435630,0,,
2017/2/2,1923022.075,111,24951565.76,0.999999,3494060,0,,
2017/2/3,1481366.665,110,24951441.19,0.999994,2994180,0,,
2017/2/4,2329358.93,116,24951541.05,0.999998,2837660,0,,
2017/2/5,862575.8284,113,24951566,0.999999,2141090,0,,
2017/2/6,696338.5079,104,24951565.95,0.999999,1129720,0,,
2017/2/7,1165969.003,106,24950972.05,0.999998,2216310,0,,
2017/2/8,938845.1038,132,24950971,0.999999,3003910,0,,
2017/2/9,2045423.155,203,24950971,0.999999,8872190,0,,
2017/2/10,864427.6993,119,24950971,0.999999,3640970,0,,
2017/2/11,651985.8454,61,24950971,0.999999,1685670,0,,
2017/2/12,507765.9766,65,24950971,0.999999,1105600,0,,
2017/2/13,368160.6166,50,24950971.05,0.999999,1347810,0,,
2017/2/14,696192.8042,62,24950996,1,2438910,0,,
2017/2/15,597543.8786,52,24995159,1,1654380,0,,
2017/2/16,346039.1756,63,24952244,1,1565660,0,,
2017/2/17,1208464.31,113,24951495,1,2135320,0,,
2017/2/18,1348764.787,77,24951246,1,1404980,0,,
2017/2/19,239359.9129,67,24950996,1,1071870,0,,
2017/2/20,551859.2559,77,24948425.9,0.999897,2550470,0,,
2017/2/21,3498700.946,159,24950921.39,0.999997,4595170,0,,
2017/2/22,657055.1361,99,24945282.6,0.999771,1763290,0,,
2017/2/23,1400322.582,141,24950272.27,0.999971,3150010,0,,
2017/2/24,3642532.004,182,24950921.05,0.999997,10607500,0,,
2017/2/25,548588.8908,100,24951944.1,0.999998,3747980,0,,
2017/2/26,755796.0198,42,24951236,1,2280940,0,,
2017/2/27,277114.8324,60,24952741,1,3063750,0,,
2017/2/28,2894897.903,78,24950994.53,1,5557310,0,,
2017/3/1,8678620.608,176,24950296.27,0.999972,11999700,0,,
2017/3/2,4439313.727,283,24950969.05,0.999999,14420000,0,,
2017/3/3,6008168.221,226,24950994,1,12268600,0,,
2017/3/4,1738203.578,129,24951244,1,6427490,0,,
2017/3/5,4076927.85,145,24951244,1,6111390,0,,
2017/3/6,1206689.954,120,24951875,1,4261790,0,,
2017/3/7,6367626.276,250,34951077,1,10782500,10000000,,
2017/3/8,17602912.41,267,34950727,1,11995300,0,,
2017/3/9,3220231.666,184,34950377.34,1,9560830,0,,
2017/3/10,3691150.523,298,34947057.22,0.999905,26308800,0,,
2017/3/11,3266947.362,228,34951461.43,0.999991,15269400,0,,
2017/3/12,2810392.034,167,34953174,1,13039200,0,,
2017/3/13,5883873.549,391,34951776,1,25101200,0,,
2017/3/14,6714651.886,477,34951062,1,13773800,0,,
2017/3/15,8039556.794,418,34950712,1,20476500,0,,
2017/3/16,10886952.1,578,34951411,1,39496700,0,,
2017/3/17,21182108.57,595,44952211,1,46381300,10000000,,
2017/3/18,11935850.6,461,44952211,1,49039900,0,,
2017/3/19,8516922.193,335,44953110,1,33106500,0,,
2017/3/20,2446161.654,307,44960302,1,16075100,0,,
2017/3/21,5339943.775,367,44952211,1,21556400,0,,
2017/3/22,4845776.515,345,44952661,1,22713300,0,,
2017/3/23,3289983.987,258,44954009,1,12763900,0,,
2017/3/24,6338674.006,372,44950862.89,1,33351200,0,,
2017/3/25,5994569.108,377,44946277.88,0.999898,28141600,0,,
2017/3/26,5562594.605,326,44947481.14,0.999915,16614300,0,,
2017/3/27,4198127.665,271,44951302,1,19270700,0,,
2017/3/28,2625979.129,330,44951302,1,15602800,0,,
2017/3/29,5717460.1,329,54950852.4,1,16816300,10000000,,
2017/3/30,28076230.4,412,54947994.87,0.999948,25009900,0,,
2017/3/31,10297680.59,393,54950031.74,0.999985,34115800,0,,
2017/4/1,3105696.954,315,54950867.66,1,15118800,0,,
2017/4/2,8867676.361,437,54980079.72,0.999582,45911500,0,,
2017/4/3,8989699.69,473,54950867.82,1,42028500,0,,
2017/4/4,5884069.897,398,54939383,0.999771,26434800,0,,
2017/4/5,11382935.17,400,54956912,1,26734200,0,,
2017/4/6,5337083.461,510,54950868,1,33731600,0,,
2017/4/7,9422049.303,515,54947405.86,0.999937,21336300,0,,
2017/4/8,3085124.645,257,54943943.24,0.999874,14282200,0,,
2017/4/9,12994571.99,271,54935152.09,0.999714,18951900,0,,
2017/4/10,4590972.543,379,54948669.58,0.99996,12279500,0,,
2017/4/11,5174990.613,380,54947244.53,0.999934,12213800,0,,
2017/4/12,7090511.942,406,50735756.26,0.999842,20964000,0,,
2017/4/13,8092487.486,490,50721344.84,0.999558,24018200,0,,
2017/4/14,4681966.741,404,50724389.06,0.999618,14768200,0,,
2017/4/15,6700510.002,390,50694602.65,0.999031,14030700,0,,
2017/4/16,2042297.533,278,50740677.75,0.999939,7208670,0,,
2017/4/17,8544711.312,563,50715103.33,0.999435,17280800,0,,
2017/4/18,12789728,924,60700888.5,0.999294,26367700,10000000,,
2017/4/19,8145594.632,675,54803775.53,0.999617,18244800,0,,
2017/4/20,5383921.935,657,54757258.1,0.999525,20548000,0,,
2017/4/21,7564047.369,715,54647463.33,0.998269,15935100,0,,
2017/4/22,5419066.551,613,53856499.22,0.984,14711900,0,,
2017/4/23,5302840.198,621,51486796.7,0.940741,17298600,0,,
2017/4/24,4778127.563,534,50418052.09,0.921308,15265400,0,,
2017/4/25,15133696.67,539,59435766.12,0.917876,12707000,0,,
2017/4/26,7899370.478,600,56810668,0.913539,18772400,0,,
2017/4/27,9029687.042,581,57245574.17,0.921049,24062800,0,,
2017/4/28,10922495.62,538,57431267.86,0.924343,26494600,0,,
2017/4/29,6279077.336,448,58889839.04,0.934557,26533600,0,,
2017/4/30,5077408.724,374,59055044.34,0.937189,23739900,0,,
2017/5/1,8577705.72,498,59039851.89,0.936855,44582500,0,,
2017/5/2,3001330.655,485,59016321.09,0.935857,22268100,0,,
2017/5/3,5041010.901,575,57297334.7,0.932612,33500300,0,,
2017/5/4,13016980.51,861,58244449.11,0.933356,56022400,0,,
2017/5/5,15967144.67,840,59031916.3,0.945975,69583296,0,,
2017/5/6,11869610.1,549,59636728.09,0.955667,44047300,0,,
2017/5/7,8313594.314,672,60446161.06,0.968638,72995504,0,,
2017/5/8,7085905.725,621,60466977.38,0.968962,85211504,0,,
2017/5/9,25307307.14,553,60356662.37,0.967255,62186400,0,,
2017/5/10,9007520.957,563,60554406.5,0.970483,45884200,0,,
2017/5/11,8462908.059,486,61137003.59,0.97982,46800700,0,,
2017/5/12,12211247.89,616,60842431.33,0.975099,42850000,0,,
2017/5/13,5358207.475,528,61232656.39,0.981353,28873700,0,,
2017/5/14,5698705.402,339,60697422.61,0.972775,23922200,0,,
2017/5/15,8456139.042,528,61181741.79,0.980577,37380700,0,,
2017/5/16,2961567.38,228,60567922.49,0.970698,53097800,0,,
2017/5/17,3517043.086,341,59461320.05,0.952963,60057700,0,,
2017/5/18,4999806.138,376,59972033.47,0.961148,44705600,0,,
2017/5/19,3978087.649,560,60422897.95,0.967244,53721400,0,,
2017/5/20,6282395.185,608,62320431.31,0.998833,42299800,0,,
2017/5/21,3095155.062,360,61946798,0.992749,46162600,0,,
2017/5/22,11127334.18,343,62262129.7,1,79739904,0,,
2017/5/23,14376965.17,647,64800006,1.01,59043000,0,,
2017/5/24,13282737.05,724,68865612.25,1.01,87804800,10000000,,
2017/5/25,38306248.92,776,69534139.5,1.02,144036000,10000000,,
2017/5/26,38027210.8,702,96540460.79,1.02,125946000,20000000,,
2017/5/27,48127141.24,1041,110642195.6,1.05,186683008,20000000,,
2017/5/28,22442097.37,836,107344821.6,1.02,110026000,0,,
2017/5/29,19392573.93,677,109364721.7,1.04,80508896,0,,
2017/5/30,24868500.19,1099,107041607.5,1.02,108331000,0,,
2017/5/31,10316054.06,716,105664316.9,1.01,84739904,0,,
2017/6/1,15271441.62,797,109253864.9,1.04,100614000,0,,
2017/6/2,9129125.19,603,108554869.8,1.03,49197100,0,,
2017/6/3,9254857.012,591,108484894.4,1.03,43629000,0,,
2017/6/4,9828051.377,619,107267457.7,1.02,49194800,0,,
2017/6/5,10437466.34,666,105710941,1.01,49132500,0,,
2017/6/6,64287524.31,1303,107610825.2,1.02,152408000,20000000,,
2017/6/7,58130272.39,783,104887656.4,1,97386096,0,,
2017/6/8,19034448.08,722,130662699.7,1.02,65560000,0,,
2017/6/9,17645932.86,807,127579236,1,58031200,0,,
2017/6/10,19382154.66,763,127932229.5,0.999158,80163296,0,,
2017/6/11,14192346.68,615,129808068.1,1.02,84910496,0,,
2017/6/12,27491608.46,789,128485967.7,1.01,211119008,0,,
2017/6/13,34735662.41,942,131109300.7,1.03,105293000,0,,
2017/6/14,34390523.48,756,128163665.6,1.01,139975008,0,,
2017/6/15,64168384.41,1023,130987758.8,1.03,243107008,0,,
2017/6/16,27757231.08,968,128215805.6,1.01,109032000,20000000,,
2017/6/17,18075328.37,552,130043691.7,1.02,104554000,0,,
2017/6/18,12900534.45,568,126405281,0.988674,114519000,0,,
2017/6/19,25026433.99,930,127493815.9,1,75733696,0,,
2017/6/20,10642351.55,909,142690683.6,0.986156,88767296,0,,
2017/6/21,33701396.28,724,141089067.9,0.975087,108254000,0,,
2017/6/22,26576224.27,982,141969819.3,0.981174,63105300,0,,
2017/6/23,25797867.23,690,140156882.3,0.972496,41182300,0,,
2017/6/24,30534297.11,543,146212400.5,1.01,79286600,20000000,,
2017/6/25,31581663.26,762,148048000,1.02,102005000,0,,
2017/6/26,74504633.28,1183,146155233,1.01,195886000,30000000,,
2017/6/27,77250968.11,1068,145725492,1.01,171804992,30000000,,
2017/6/28,31038479.22,779,146399765,1.01,128750000,0,,
2017/6/29,18198414.39,630,216662076.9,1.01,101103000,0,,
2017/6/30,33532970.76,775,218374858,1.02,72550400,0,,
2017/7/1,27975514.25,759,217124011.3,1.01,82133800,0,,
2017/7/2,21746822.74,754,224437398,1.02,76519200,0,,
2017/7/3,25190602.4,718,222347022.7,1.01,87514200,0,,
2017/7/4,24844540.03,785,219892809,0.999601,87707904,0,,
2017/7/5,14949513.91,486,219980581.3,1,66727600,0,,
2017/7/6,16823738.14,991,219876063.4,0.995936,44331000,0,,
2017/7/7,23268511.23,714,219543568.3,1,84663200,0,,
2017/7/8,17015512.06,609,222181166.4,1.01,62607300,0,,
2017/7/9,14667015.74,478,219876163.1,0.999601,45640800,0,,
2017/7/10,58482731.01,870,236849455,1.01,132682000,0,,
2017/7/11,52695201.36,1102,264759817.5,1.02,173424000,30000000,,
2017/7/12,61544873.63,805,271671116.5,1.01,131420000,0,,
2017/7/13,57867636.06,1011,290493856.7,0.999669,104236000,25000000,,
2017/7/14,18662421.46,727,290349772,1,93146704,0,,
2017/7/15,32377464.84,937,295061456,1,125229000,0,,
2017/7/16,28322342.89,973,294481327.8,1,177914000,0,,
2017/7/17,29800290.28,908,291028558.6,0.988208,171476000,0,,
2017/7/18,42000627.18,1284,307960311.3,0.995021,238396000,25000000,,
2017/7/19,27054244.57,966,310457677,1,199312000,0,,
2017/7/20,36591798.79,1130,316619401.4,0.99098,278993984,0,,
2017/7/21,44772124.62,1458,319065517.9,0.998636,168919008,0,,
2017/7/22,35431399,1362,319377346.4,0.999612,131558000,0,,
2017/7/23,26082095.19,524,317831279.1,0.994773,114229000,0,,
2017/7/24,20336526.36,722,319475433.8,0.999919,75766896,0,,
2017/7/25,32432341.41,1089,317675043.8,0.994284,220992000,0,,
2017/7/26,18463064.6,963,319068388.2,0.998645,111957000,0,,
2017/7/27,19715507.85,916,319130271.9,0.998839,79850000,0,,
2017/7/28,61925840.74,1200,318859768.1,0.99606,116290000,0,,
2017/7/29,25754377.24,1311,319422934.8,0.999755,73768304,0,,
2017/7/30,19207786.58,896,318471141.5,0.996776,60213000,0,,
2017/7/31,25729250.74,1385,319795154,1,75184896,0,,
2017/8/1,20649860.97,865,319501213.4,1,170044992,0,,
2017/8/2,40500035.2,2184,318864163.3,0.996581,84592704,0,,
2017/8/3,18893315.59,2342,319501196.7,1,57242700,0,,
2017/8/4,14913202.25,1479,310767556.9,0.968452,59432500,0,,
2017/8/5,30698084.36,1992,319501202,1,173138000,0,,
2017/8/6,24769157.33,1601,319833483,1,103532000,0,,
2017/8/7,39801133.23,1825,319331227.9,0.999468,110170000,0,,
2017/8/8,23694561.99,2080,318134143.5,0.99422,130482000,0,,
2017/8/9,20765271.93,1371,320170178,0.999236,140568992,0,,
2017/8/10,15747723.05,1429,319117481,0.998799,91695000,0,,
2017/8/11,49542362.55,2346,318709479.6,0.996635,111829000,0,,
2017/8/12,25754868.6,1592,319862238,1,130896000,0,,
2017/8/13,48087089.37,2022,319501201.7,1,198568992,0,,
2017/8/14,28312218.23,1925,318121695.3,0.995682,125445000,0,,
2017/8/15,49543313.52,1927,319990139,1,213099008,0,,
2017/8/16,27437211.29,1323,319552983.6,0.998963,121473000,0,,
2017/8/17,48578035.39,1844,318852825.7,1,166152000,0,,
2017/8/18,35818962.09,1795,323760271,1.01,255272000,0,,
2017/8/19,48159289.94,1356,323580519.5,1.01,281632992,0,,
2017/8/20,25147646.39,1150,318596170.7,0.997167,133754000,0,,
2017/8/21,28047101.67,1568,319353708.9,0.999538,208830000,0,,
2017/8/22,40721311.06,1593,318400462.4,1,241915008,0,,
2017/8/23,27729187.04,1378,320143516,1,195159008,0,,
2017/8/24,19277262.7,1137,320858788.1,0.999332,132330000,0,,
2017/8/25,33453379.45,1422,320415042,1,116308000,0,,
2017/8/26,12666758.77,612,319501268.4,1,98081296,0,,
2017/8/27,18979496.37,1092,320440602,1,104722000,0,,
2017/8/28,19423837.41,828,319837227,1,130785000,0,,
2017/8/29,27658852.38,1542,319984145,1,132123000,0,,
2017/8/30,27893261.24,1575,319734936,1,114992000,0,,
2017/8/31,20165150.12,1498,320495344,1,109217000,0,,
2017/9/1,69590517.53,2047,320894490,1,199664000,0,,
2017/9/2,88862155.07,2595,343283305.9,1,345971008,20000000,,
2017/9/3,63972810.77,1520,368458099,1.01,188687008,25000000,,
2017/9/4,110428151.8,2944,370395961.2,1,375472992,0,,
2017/9/5,82425416.03,2852,398432502.2,1.03,271614016,25000000,,
2017/9/6,35137177.07,1915,387158941,1.01,192688992,0,,
2017/9/7,57558005.75,2085,394229274,1,166452992,25000000,,
2017/9/8,87898719.26,2414,392485505,1,319590016,0,,
2017/9/9,52749019.21,2072,408244428,1.01,119580000,0,,
2017/9/10,43527786.51,2017,401879143.6,1,163772992,0,,
2017/9/11,40377007.74,1713,404132451,1,125845000,0,,
2017/9/12,130977947.4,1921,401817888.1,1,162774000,0,,
2017/9/13,76661299.83,2391,414751291,1,257404000,0,,
2017/9/14,69387972.66,2342,420011024,1,356495008,25000000,,
2017/9/15,143985461,3440,440452838.6,1,540294976,0,,
2017/9/16,53723108.04,2073,443361780,1,233444992,0,,
2017/9/17,23780306.1,1131,445388344,1.01,119083000,0,,
2017/9/18,49870102.7,1691,443547622,1,214648000,0,,
2017/9/19,43845243.73,1609,443299833,1,163298000,0,,
2017/9/20,26912233.35,1592,444490107,1,137763008,0,,
2017/9/21,52553138.13,1855,443434322.8,0.997446,231706000,0,,
2017/9/22,28167946.05,1326,448957353.3,1.01,164432000,0,,
2017/9/23,19756691.57,827,443406023,1,118296000,0,,
2017/9/24,13056900.22,847,443777707,1,91337904,0,,
2017/9/25,28879784.46,1372,443056463,1,160336992,0,,
2017/9/26,40241820.89,1395,428167762,1,103839000,0,,
2017/9/27,40031588.91,2228,427334992,1,201224000,0,,
2017/9/28,45172075.03,2243,427826113,1,232499008,0,,
2017/9/29,48419973.84,1714,436343580.1,0.998357,205406000,0,,
2017/9/30,19408169.68,1365,437061572.2,1,117411000,0,,
2017/10/1,23034694.73,1050,435866645.3,0.997266,103007000,0,,
2017/10/2,31449266.65,1566,436967494.6,0.998088,126009000,0,,
2017/10/3,24464380.62,1438,437114020,1,137567008,0,,
2017/10/4,28766448.25,1257,437607899,1,114903000,0,,
2017/10/5,32977025.03,1590,437192691,1,119952000,0,,
2017/10/6,26500684.97,1559,437537969,1,92153696,0,,
2017/10/7,20574766.7,982,436881507.5,0.999588,89544096,0,,
2017/10/8,16763802.14,1106,436235530.6,0.99811,123005000,0,,
2017/10/9,40507327.67,1464,436579498.6,0.998897,178567008,0,,
2017/10/10,23403209.64,1436,437061577.4,1,137687008,0,,
2017/10/11,12873742.87,1228,436170845.2,0.997962,85384600,0,,
2017/10/12,33133201.86,1542,436992958,0.999843,216202000,0,,
2017/10/13,38275894.77,1896,437083430,1,319484992,0,,
2017/10/14,32243290.17,1530,437061676.9,1,139468000,0,,
2017/10/15,24783653.65,1304,437061676.8,1,209190000,0,,
2017/10/16,44151360.43,1627,436187553.4,0.998,204158000,0,,
2017/10/17,45063986.75,2278,436297693.2,0.998252,216808000,0,,
2017/10/18,28912119.9,1825,437771104.4,0.998946,253904000,0,,
2017/10/19,34505080.07,1579,437350138,1,150674000,0,,
2017/10/20,58210691.69,1832,437507375,1,185163008,0,,
2017/10/21,30173874.78,1330,437467634,1,171818000,0,,
2017/10/22,45108191.6,1156,437869662.6,0.99992,166215008,0,,
2017/10/23,56047106.17,2021,437061166.9,1,203487008,0,,
2017/10/24,56274629.21,2655,435901285.2,0.994611,257372000,0,,
2017/10/25,37275064.45,1856,438049427,1,171432992,0,,
2017/10/26,26828432.23,1652,437061667.1,1,162258000,0,,
2017/10/27,27940497.32,1370,437055546.2,0.999916,144634000,0,,
2017/10/28,30793042.01,1106,438721346.6,0.999838,120414000,25000000,,
2017/10/29,83697105.29,1969,452563456,1,618257024,0,,
2017/10/30,30288148.06,1770,452323863,1,169424992,0,,
2017/10/31,30927012.99,1781,451625794.9,0.998327,184182000,0,,
2017/11/1,50655049.56,2345,452762363,1,246324000,0,,
2017/11/2,72088881.17,3317,452447209.5,0.999853,425129984,0,,
2017/11/3,93853104.68,2265,484832312.8,0.999063,358886016,25048400,,
2017/11/4,82656442.14,2497,495094256,1,285312000,0,,
2017/11/5,19434121.76,2122,494061667,1,234616000,0,,
2017/11/6,41444396.38,2185,495731596,1,308963008,0,,
2017/11/7,56811907.4,3079,511792330.1,0.999882,255132992,20000000,,
2017/11/8,79489097.75,3206,495020440.6,1,526848992,20000000,,
2017/11/9,73910838.72,3748,538430292,1.01,358188000,0,,
2017/11/10,143432561.6,3225,567451678,1.01,756446016,30000000,,
2017/11/11,75012940.41,1548,599402282,1.01,746227968,30000000,,
2017/11/12,17312779.97,1088,601469616,1.01,1466060032,0,,
2017/11/13,102716949.7,3534,593635842.6,1,767884032,0,,
2017/11/14,49843519.72,2608,598075276,1.01,429857984,0,,
2017/11/15,54892935.72,2575,595907109,1,449671008,0,,
2017/11/16,123092988.1,4266,621473048.5,1.01,650278976,20000000,,
2017/11/17,85175457.3,3214,642177594.7,0.995758,639398016,60000000,,
2017/11/18,63255379.13,2847,645504498,1,588136000,0,,
2017/11/19,120294043.1,3049,676613749,1,485752992,0,,
2017/11/20,50600923.58,3399,676262766,1,449595008,0,,
2017/11/21,93165090.94,2601,674966829.9,1,622649024,0,,
2017/11/22,49049510.79,1457,673331124.8,0.997427,499812000,0,,
2017/11/23,56036579.66,1709,674061024.4,0.998658,735883008,0,,
2017/11/24,100305476.2,3335,676539502,1,848627968,0,,
2017/11/25,51287854.46,3186,671899405.9,1,651987968,0,,
2017/11/26,68099500.16,3031,674085703,1,636451968,20001000,,
2017/11/27,130722519.5,3837,682596933.5,1.01,784436992,30000000,,
2017/11/28,128761818.9,4972,675062335,1,794764032,45000000,,
2017/11/29,178431328.5,4867,739018347.4,1,1672120064,24999000,,
2017/11/30,198601875.4,5207,762580087.1,1,1043969984,0,,
2017/12/1,83909111.85,3584,771489437,1.01,749395968,25000000,,
2017/12/2,189342262.1,4965,822157521.5,1.01,679950016,25000000,,
2017/12/3,159480589.7,4218,814554599,1,946748992,0,,
2017/12/4,84258449.88,4158,817004791,1,668510016,0,,
2017/12/5,108637518.5,4573,815620962,1,814145984,0,,
2017/12/6,170323886.5,5275,813749465.1,0.99976,1281490048,0,,
2017/12/7,136491797.6,5971,823482551.8,1.01,1671609984,0,,
2017/12/8,108643172.9,3610,844586093.3,1.04,1993030016,0,,
2017/12/9,170199435.9,4283,827961465,1.02,1598909952,0,,
2017/12/10,160807940.7,3932,828466156,1.02,1649500032,0,,
2017/12/11,133343090.5,4638,846211181.5,1.01,1542119936,25000000,,
2017/12/12,81526228.55,6655,854117795.7,1.02,2240839936,0,,
2017/12/13,278880325.6,5945,957491362.8,1.08,2198139904,50000000,,
2017/12/14,390390003.4,6895,1047706924,1.03,2336179968,130000000,,
2017/12/15,224522074.1,7299,1025272316,1.01,2044499968,0,,
2017/12/16,256590011.8,7208,1138482045,1.02,1592729984,100000000,,
2017/12/17,220896592.4,9135,1129357068,1.01,1931020032,0,,
2017/12/18,173350145,8631,1133586954,1.01,2517230080,0,,
2017/12/19,283939892.5,8496,1181535444,1.01,3073860096,50000000,,
2017/12/20,146611994.1,7300,1180953023,1.01,3751790080,50000000,,
2017/12/21,242575286,5698,1217137073,1,3106720000,0,,
2017/12/22,251280933.4,11051,1227798132,1.01,4687949824,0,,
2017/12/23,277750388.6,8767,1224716942,1.01,2353740032,0,,
2017/12/24,279406763.2,5952,1282793693,1.05,2611589888,0,,
2017/12/25,151870608.2,5300,1256036229,1.03,1708380032,0,,
2017/12/26,262451970.3,6823,1235277937,1.01,1854780032,0,,
2017/12/27,228820753.6,6212,1222548045,1,1939949952,0,,
2017/12/28,273010602.3,6167,1263808464,1,2211409920,50000000,,
2017/12/29,333344558.7,5976,1375805863,1.01,1929090048,100000000,,
2017/12/30,290289056.9,6820,1383599550,1.01,2711059968,0,,
2017/12/31,112036824.7,3812,1398574129,1.02,1927010048,0,,
2018/1/1,129564452.3,4507,1378049531,1.01,1685299968,0,,
2018/1/2,263433457.5,6998,1388541412,1.01,2635859968,0,,
2018/1/3,341173774.2,7921,1386476964,1.01,2471689984,0,,
2018/1/4,498918127.5,11848,1486522145,1.01,3200130048,100000000,,
2018/1/5,257743618.8,8008,1468089837,1,3096620032,0,,
2018/1/6,175801134.9,7615,1466621747,1,2620080128,0,,
2018/1/7,152327337,6778,1485098685,1.01,2338180096,0,,
2018/1/8,350021047.6,8014,1481772434,1.01,3815749888,0,,
2018/1/9,270496990.8,7888,1476883695,1.01,2766180096,0,,
2018/1/10,313432059.3,7363,1484668682,1.01,3189860096,0,,
2018/1/11,338281578.9,7090,1470564976,0.999976,3841110016,0,,
2018/1/12,338487170.4,7344,1477015823,1.01,2668219904,0,,
2018/1/13,184991442.4,6957,1471055378,1,2759879936,0,,
2018/1/14,289377395.8,6115,1462505338,1,2960410112,50000000,,
2018/1/15,509469087.1,8123,1492440359,1.02,2557179904,100000000,,
2018/1/16,569436476,10409,1640856419,1.01,5552929792,100000000,,
2018/1/17,632516600.9,11005,1674108647,1.03,5588839936,100000000,,
2018/1/18,820469610,10705,1655484902,1.02,4302300160,100000000,,
2018/1/19,464389542.8,7545,1657945694,1.02,2876989952,100000000,,
2018/1/20,294412085,6740,1636085773,1.01,2942779904,100000000,,
2018/1/21,523153952.3,7111,1618090823,1,3302010112,0,,
2018/1/22,268484360.2,7543,1610144555,1,3274899968,0,,
2018/1/23,487824354.4,7911,1610160576,1,3126830080,100000000,,
2018/1/24,315052833.3,8065,1618090823,1,2620630016,0,,
2018/1/25,302976146.8,8548,1634271731,1.01,2571930112,0,,
2018/1/26,377742901.7,8065,1620843105,0.997571,2957009920,0,,
2018/1/27,213205719.5,5366,1618090823,1,2051980032,0,,
2018/1/28,441041738.6,7457,2270226854,0.996548,2546639872,0,,
2018/1/29,319968982.1,7024,2251756093,0.98844,2031160064,0,,
2018/1/30,717658520.2,7179,2244156611,0.998672,3108630016,0,,
2018/1/31,502541362.3,6462,2200596509,0.992538,2663930112,-30000000,,
2018/2/1,381475718.1,7725,2198423710,0.991558,3498899968,0,,
2018/2/2,418455070.5,7392,2186752682,0.986294,4785869824,0,,
2018/2/3,253832266.6,7299,2206882620,0.994071,2488529920,0,,
2018/2/4,223104166.5,7739,2217426188,1,2504640000,0,,
2018/2/5,424323865.5,8857,2207815520,0.995794,4078980096,0,,
2018/2/6,384143593.8,9607,2169665605,0.9785,6247249920,0,,
2018/2/7,277695334.8,6603,2220244811,1,3307539968,0,,
2018/2/8,342075750.9,4225,2203631215,0.99497,2466619904,0,,
2018/2/9,170852641,3792,2266255361,1.02,1631139968,0,,
2018/2/10,246396133.7,4977,2225344235,1,2628379904,0,,
2018/2/11,253457921.2,3879,2217140813,1,2431739904,0,,
2018/2/12,213837154.3,3951,2217340356,1,2457489920,0,,
2018/2/13,159920241.5,3676,2219579668,1,2226759936,0,,
2018/2/14,173358245.7,3963,2213777944,0.997715,3066190080,0,,
2018/2/15,213390497.1,4227,2229135545,1.01,3286909952,0,,
2018/2/16,136119342.6,3909,2244014777,1.01,2605819904,0,,
2018/2/17,168641570.9,3626,2225344235,1,2797600000,0,,
2018/2/18,139038721,3361,2206581954,1,3124179968,0,,
2018/2/19,130930893.1,3172,2218493269,1,2546439936,0,,
2018/2/20,198163192.4,3863,2218493269,1,3126220032,0,,
2018/2/21,267847535,5523,2241484354,1.01,3459830016,0,,
2018/2/22,801500150.2,4322,2226208919,1,2904620032,0,,
2018/2/23,244155141.1,4551,2242827942,1.01,2815280128,0,,
2018/2/24,243160888.9,3542,2223437493,1,2417710080,0,,
2018/2/25,102619010.1,2377,2217894641,1,1968850048,0,,
2018/2/26,190250960.6,6283,2211961573,0.997664,2362210048,0,,
2018/2/27,171089780.8,7388,2215358924,0.998677,2473019904,0,,
2018/2/28,145495582.4,3722,2217140813,1,2414230016,0,,
2018/3/1,168506870.1,4360,2217732648,0.999847,2285570048,0,,
2018/3/2,164351218.8,3435,2213125572,0.998189,2172250112,0,,
2018/3/3,123518128.6,3063,2208524707,0.995248,2181489920,0,,
2018/3/4,118973184.6,2493,2217140813,1,2133910016,0,,
2018/3/5,246768727.1,3609,2211644522,0.997521,2227680000,0,,
2018/3/6,279575695.1,9940,2240431878,1.01,2491849984,0,,
2018/3/7,294398824.2,16480,2218980859,0.998354,3037380096,0,,
2018/3/8,272498011.8,5394,2208162491,1,2636689920,0,,
2018/3/9,338077556.3,6887,2220206100,0.999723,3131620096,0,,
2018/3/10,164877040.7,4061,2201301604,0.997607,2218810112,0,,
2018/3/11,194444873.5,4422,2225654634,1,2394810112,0,,
2018/3/12,195616576.4,9180,2222351094,1,2155559936,0,,
2018/3/13,274895331.1,12506,2217140813,1,1890040064,0,,
2018/3/14,248779719.6,5874,2215636700,0.996581,2151670016,0,,
2018/3/15,455499650.5,6636,2219978754,1,2259869952,0,,
2018/3/16,318982163.5,4840,2211617915,0.997509,1872050048,0,,
2018/3/17,275038142.6,3661,2220732582,1,1687920000,0,,
2018/3/18,342601640.3,5937,2246209303,1.01,2639470080,0,,
2018/3/19,513286612.6,7284,2177662405,0.982194,2638089984,0,,
2018/3/20,335153513.2,5571,2239312221,1.01,2506319872,300000000,,
2018/3/21,416977640.8,6449,2210351928,0.996938,2353890048,0,,
2018/3/22,638245687.6,5857,2285905757,0.99946,2171849984,0,,
2018/3/23,329169778.1,5500,2285359130,0.999221,1995699968,0,,
2018/3/24,125880690.2,4270,2285102767,1,1785500032,0,,
2018/3/25,114475592.1,3842,2287140813,1,1511320064,0,,
2018/3/26,260992726.8,5267,2287137168,0.9966,2183960064,0,,
2018/3/27,345059932.1,6407,2290823110,1,2051079936,0,,
2018/3/28,316454889.4,4700,2287140813,1,1857049984,0,,
2018/3/29,275591847.5,5396,2287140814,1,2486609920,0,,
2018/3/30,461237410.2,6846,2277756675,0.995897,2596849920,0,,
2018/3/31,137558566.8,3948,2282067251,0.997014,1763719936,0,,
2018/4/1,153496514,4292,2277310683,0.995702,1832530048,0,,
2018/4/2,172498000.6,3433,2287438142,1,1550880000,0,,
2018/4/3,151372142.8,4040,2282466143,0.997587,1753520000,0,,
2018/4/4,289707368,4232,2289039140,1,1772329984,0,,
2018/4/5,127763175.8,3525,2292927280,1,1609469952,0,,
2018/4/6,105111882.4,3181,2289633797,1,1257110016,0,,
2018/4/7,154342649.4,3044,2287140813,1,1332259968,0,,
2018/4/8,105281099.5,5925,2287140813,1,1090880000,0,,
2018/4/9,176401033.8,5804,2281516734,0.997541,1678770048,0,,
2018/4/10,112104478.6,6299,2280171895,0.996953,1253949952,0,,
2018/4/11,175570213,4305,2282206075,0.997593,1741699968,0,,
2018/4/12,345645336.4,10816,2278925403,0.996408,3636590080,0,,
2018/4/13,327844945.6,11193,2277624021,0.995839,3218919936,0,,
2018/4/14,190676699,4976,2287140814,1,2060220032,0,,
2018/4/15,140804388.3,4685,2278696690,0.996308,2057859968,0,,
2018/4/16,211599040.1,5510,2284588364,0.998884,2125180032,0,,
2018/4/17,186466551.9,5898,2280775700,0.997217,2075650048,0,,
2018/4/18,198306407.8,5529,2287140814,1,2112089984,0,,
2018/4/19,181325649.6,6634,2282353828,0.997907,2217799936,0,,
2018/4/20,279573150.1,7788,2281537318,0.99755,3458870016,0,,
2018/4/21,403101018.9,7526,2280441778,0.997071,3570040064,0,,
2018/4/22,271410734.3,7882,2287140814,1,3176019968,0,,
2018/4/23,353379936.9,12022,2276002437,0.99513,3075480064,0,,
2018/4/24,358605962.9,13004,2295669828,0.998974,5033249792,0,,
2018/4/25,676602317.4,8856,2441312222,1.01,6126580224,0,,
2018/4/26,359570548.6,8985,2417140813,1,4206320128,0,,
2018/4/27,345178777.1,8818,2427171948,1,4060179968,0,,
2018/4/28,619007834.8,27581,2417140814,1,4066050048,0,,
2018/4/29,423246703.1,11583,2414399776,0.998866,5167799808,0,,
2018/4/30,336626401.1,9143,2411226070,0.997553,4498440192,0,,
2018/5/1,190120793.1,7595,2425576635,1,3901110016,0,,
2018/5/2,468948500.7,9341,2317140813,1,3711889920,0,,
2018/5/3,463649070.1,11473,2308490927,0.996267,4307829760,0,,
2018/5/4,578468683.5,10624,2289812222,1.01,3844979968,0,,
2018/5/5,347349861.1,11011,2265889352,0.999448,3848780032,0,,
2018/5/6,371897437.7,8359,2188145720,0.995906,3948859904,0,,
2018/5/7,625975769,9462,2147112265,0.995351,4137240064,0,,
2018/5/8,562139161,15548,2108957884,0.998745,3317769984,0,,
2018/5/9,649494039.3,8851,2108215455,1,3236689920,0,,
2018/5/10,506609438.8,9402,2108744823,0.999422,3430200064,0,,
2018/5/11,508808738.2,11088,2111881880,1,4733060096,0,,
2018/5/12,548917907.8,9717,2209016276,0.99975,4539990016,0,,
2018/5/13,216180675.2,6157,2214314021,1,3179099904,0,,
2018/5/14,323700980.3,8743,2209943882,1,3820280064,0,,
2018/5/15,316805467.6,8581,2209656954,1,3315440128,0,,
2018/5/16,521212927,10138,2307140813,1,3238190080,0,,
2018/5/17,347038197.3,8229,2307579170,1,3026749952,0,,
2018/5/18,760648183.6,9309,2509923740,1,3051709952,250000000,,
2018/5/19,157724456.1,6470,2508043384,1,2569299968,0,,
2018/5/20,156827602.2,5418,2507140813,1,2610939904,0,,
2018/5/21,270942016.3,7119,2513561070,0.999592,2406449920,0,,
2018/5/22,269025336.9,6433,2514587022,1,2417590016,0,,
2018/5/23,553239407.4,10222,2517219520,1,3360600064,0,,
2018/5/24,396919708.2,7888,2507140813,1,3122710016,0,,
2018/5/25,318328632.1,7017,2506468118,0.999292,2375610112,0,,
2018/5/26,121329103.5,5256,2507140813,1,1872140032,0,,
2018/5/27,307714416.4,5052,2507140813,1,1885900032,0,,
2018/5/28,575923263.4,11068,2513383594,1,2582710016,0,,
2018/5/29,421874799.2,9331,2507014212,0.99927,3003919872,0,,
2018/5/30,239187330.4,7969,2505854650,0.999487,2429060096,0,,
2018/5/31,300466668.5,8360,2507140813,1,2613339904,0,,
2018/6/1,283787494.4,7240,2507334107,0.999088,2486080000,0,,
2018/6/2,199065601.6,6549,2507140813,1,3187569920,0,,
2018/6/3,181084251.7,6544,2487407618,0.99203,2796300032,0,,
2018/6/4,276393828.3,7815,2502710223,0.997714,2798279936,0,,
2018/6/5,238673352.3,7727,2507848450,0.999263,2796069888,0,,
2018/6/6,282085379.1,8648,2503644763,0.997917,2508359936,0,,
2018/6/7,244320120.6,10076,2505794479,0.999463,2554540032,0,,
2018/6/8,194057003.5,8421,2511477898,0.99994,2219579904,0,,
2018/6/9,199293078,8368,2497409662,1,2006880000,0,,
2018/6/10,380814666.4,10911,2532211749,1.01,3845029888,0,,
2018/6/11,499738185.4,13152,2537098917,1.01,2913220096,0,,
2018/6/12,517747177,12930,2509070844,1,2702340096,0,,
2018/6/13,670567224.9,15092,2515990551,1,3056750080,0,,
2018/6/14,456676258.8,14278,2517043550,1,3104209920,0,,
2018/6/15,472479392.2,12839,2599267298,1,2376110080,0,,
2018/6/16,230898416.4,9546,2618194621,1,1797939968,0,,
2018/6/17,231780226.9,9724,2595472748,1,1548390016,0,,
2018/6/18,316673720.7,10973,2614518553,1,2073910016,0,,
2018/6/19,334227386,12957,2607713917,1,2253370112,0,,
2018/6/20,334169670.6,13373,2607140345,1,2215259904,0,,
2018/6/21,312832051.6,14323,2608522130,1,2017639936,0,,
2018/6/22,442213525.8,14967,2614961767,1,3747810048,0,,
2018/6/23,237459259.3,11563,2612302484,1,2500859904,0,,
2018/6/24,371625571.4,12739,2591573039,0.998875,3952620032,0,,
2018/6/25,508999476.4,13827,2708818773,1,3956019968,250000000,,
2018/6/26,303515390.8,11480,2705498051,0.998834,2025110016,0,,
2018/6/27,364153361.9,11184,2707140346,1,2055360000,0,,
2018/6/28,268673087.9,10709,2703954042,0.998823,2331049984,0,,
2018/6/29,307027787.8,10878,2705418162,0.996047,2482319872,0,,
2018/6/30,269251572.6,11231,2707140345,1,2540620032,0,,
2018/7/1,211461961.2,11991,2699893331,0.997323,3653040128,0,,
2018/7/2,303760185.5,15548,2705521475,0.999402,2787729920,0,,
2018/7/3,432166457.7,14256,2701087674,0.997445,2786769920,0,,
2018/7/4,288936655.7,16058,2704046085,0.998857,2638139904,0,,
2018/7/5,328126197,14905,2696794245,1,3606159872,0,,
2018/7/6,377551351.9,13423,2641532698,1.01,2460250112,0,,
2018/7/7,273716156.5,11511,2597357116,1,2134790016,0,,
2018/7/8,191212432.4,11092,2618220692,1,2142080000,0,,
2018/7/9,344758147.1,13980,2600687028,1,2358560000,0,,
2018/7/10,333151839.7,13548,2636371603,1.01,2974149888,0,,
2018/7/11,310416403.7,13935,2610164628,1,2524790016,0,,
2018/7/12,331388401.8,11466,2707140346,1,2404160000,0,,
2018/7/13,240814509.5,11179,2709295542,0.999377,2279970048,0,,
2018/7/14,860232351.9,11149,2714314268,1,1620770048,0,,
2018/7/15,163783982.1,8310,2707140345,1,1919559936,0,,
2018/7/16,288709531.6,11601,2704341163,0.998966,2864659968,0,,
2018/7/17,381102058.6,12985,2707492274,1,3620499968,0,,
2018/7/18,380531277.3,15572,2711701449,0.999476,4082030080,0,,
2018/7/19,353623742.9,12422,2707140345,1,3188349952,0,,
2018/7/20,400403383.2,11715,2657007193,0.998921,3072349952,0,,
2018/7/21,159160711.8,8796,2657246631,1,2164900096,0,,
2018/7/22,182721946.1,7657,2657140346,1,2209939968,0,,
2018/7/23,471033675.7,10317,2607140345,1,2808819968,0,,
2018/7/24,712129312.1,14013,2501920479,0.997918,4417310208,0,,
2018/7/25,359697811.2,13362,2488015879,0.992372,3514560000,0,,
2018/7/26,365979289.9,11645,2498967068,0.99674,2894500096,0,,
2018/7/27,247790803.6,12242,2506019654,0.999553,3092310016,0,,
2018/7/28,164004644.9,8177,2496123971,0.995606,2298899968,0,,
2018/7/29,220882400,7312,2498122162,0.996403,2404489984,0,,
2018/7/30,350924070.1,10005,2505427969,0.999317,4311410000,0,,
2018/7/31,518276606.2,11322,2461421400,0.999708,3253100000,0,,
2018/8/1,292276964.4,11127,2395258591,0.999215,3059190000,0,,
2018/8/2,320129497.2,9709,2415702563,0.998746,2539460000,0,,
2018/8/3,425716477.2,11727,2437140346,1,2843800000,0,,
2018/8/4,205637161,6938,2437140346,1,2526060000,0,,
2018/8/5,126902189.1,8549,2432197825,0.997972,2204100000,0,,
2018/8/6,221797199.7,9465,2439455629,1,2336390000,0,,
2018/8/7,275872367.5,10400,2439468060,0.999416,2942000000,0,,
2018/8/8,494773486.1,12711,2411208413,1,3421800000,0,,
2018/8/9,283227640.4,9348,2417346621,1,2626630000,0,,
2018/8/10,262251186,8606,2410943627,1,2887490000,0,,
2018/8/11,305250279.6,8816,2406782850,1,2630390000,0,,
2018/8/12,135441392.2,6748,2432403042,1.01,4066320000,0,,
2018/8/13,379995086.2,9306,2416600407,1,2596380000,0,,
2018/8/14,460433959.1,11873,2407140346,1,3917750000,0,,
2018/8/15,505237209.8,11516,2398170829,0.99503,3277720000,0,,
2018/8/16,299444644.8,9159,2410077057,1,2741290000,0,,
2018/8/17,284473814.2,9464,2702140335,1,3783430000,0,,
2018/8/18,191389386.4,7905,2729925657,1,3247510000,0,,
2018/8/19,163219634.9,6022,2750791407,1.01,2622560000,0,,
2018/8/20,230291053.7,7955,2709715517,1,2596870000,0,,
2018/8/21,353342366.7,8261,2852356992,1.01,2350790000,0,,
2018/8/22,468059716.5,9825,2823128085,1,3325510000,0,,
2018/8/23,311211982.8,8911,2792140336,1,2392970000,0,,
2018/8/24,297346309.2,7503,2792716085,0.998429,2850500000,0,,
2018/8/25,171064651.4,6666,2790843490,0.998537,1958700000,0,,
2018/8/26,82279649.68,5602,2792140335,1,1946530000,0,,
2018/8/27,397771664.7,8433,2812140335,1,2718980000,0,,
2018/8/28,318498706,9613,2805588049,0.99767,2991530000,0,,
2018/8/29,398459118.6,10221,2783976548,1,3024040000,0,,
2018/8/30,434684108,9155,2781486511,0.999735,2764870000,0,,
2018/8/31,316587604.7,8537,2751765248,1,2659230000,0,,
2018/9/1,247955705.8,10432,2742140335,1,2910380000,0,,
2018/9/2,388758071.4,8576,2833230225,0.996865,2844130000,0,,
2018/9/3,312577168.8,9016,2789239281,0.995396,2530750000,0,,
2018/9/4,345324689.8,8807,2766108192,0.999627,2758550000,0,,
2018/9/5,554877387.8,11064,2750430899,0.999856,4000180000,0,,
2018/9/6,407370929.8,12450,2786519380,1.01,3695980000,0,,
2018/9/7,269824872.4,9076,2746487701,1,2778320000,0,,
2018/9/8,169394676.9,8107,2795901413,1.01,2345090000,0,,
2018/9/9,147735918.4,9815,2770148716,1,2470930000,0,,
2018/9/10,366226656.8,9341,2756723574,0.998831,2300220000,0,,
2018/9/11,201829748.4,10399,2759106168,0.99645,2375530000,0,,
2018/9/12,324059316.7,11423,2759867263,1,2512200000,0,,
2018/9/13,247171503.9,10010,2746460410,1,3009780000,0,,
2018/9/14,181135840.2,9440,2760094891,0.998975,2804570000,0,,
2018/9/15,145238859.2,7638,2786380181,1.01,2112840000,0,,
2018/9/16,100894161,5934,2759067900,1,2103110000,0,,
2018/9/17,314763235.3,9712,2765021627,0.999014,2854420000,0,,
2018/9/18,295525377.2,9612,2790249922,1.01,2687350000,0,,
2018/9/19,258761631.1,12800,2785906904,1.01,2635660000,0,,
2018/9/20,214742029.1,10277,2759156540,0.999453,2689090000,0,,
2018/9/21,596390252.6,13935,2802764968,0.998697,5090540000,0,,
2018/9/22,288991692,8854,2786658020,0.992045,3352660000,0,,
2018/9/23,184169257.1,7160,2795653496,0.996163,2804770000,0,,
2018/9/24,182287454.8,7626,2806530141,0.999409,2852810000,0,,
2018/9/25,423870090,10665,2835733127,1.01,3572280000,0,,
2018/9/26,193636336.3,9809,2812399414,1,3380990000,0,,
2018/9/27,216931374.5,10613,2806421736,1,3408680000,0,,
2018/9/28,352715527.9,11738,2795756203,0.994787,3447280000,0,,
2018/9/29,307586739.5,9770,2806421736,1,3249000000,0,,
2018/9/30,172625808.2,10254,2807432047,1,3307320000,0,,
2018/10/1,192383489.4,10195,2797491702,0.996818,3069480000,0,,
2018/10/2,236525287,9030,2793456067,0.99538,2818190000,0,,
2018/10/3,318387965.8,8843,2806421736,1,2812780000,0,,
2018/10/4,177000285.2,8295,2801763076,0.99834,2374680000,0,,
2018/10/5,143827912,7294,2795743301,0.996195,2330830000,0,,
2018/10/6,95436716.1,7463,2796607679,0.996503,2238520000,0,,
2018/10/7,148904176.8,6798,2800634894,0.997938,2187670000,0,,
2018/10/8,283410586.3,11022,2795838719,0.996229,2594100000,0,,
2018/10/9,382510453,10811,2696608250,0.996374,2183500000,0,,
2018/10/10,229332956.9,11728,2693788159,0.995332,2295300000,0,,
2018/10/11,514573498.5,14014,2687298159,0.992934,3772600000,0,,
2018/10/12,350011101.3,10939,2702914213,0.998704,2962380000,0,,
2018/10/13,204358563.3,7692,2692987058,0.995036,1961540000,0,,
2018/10/14,314214440.9,7263,2476016334,0.987869,2008170000,0,,
2018/10/15,982968394.9,19574,2489087323,0.993084,5891700000,0,,
2018/10/16,726892424.2,14399,2209585189,0.979243,2585550000,0,,
2018/10/17,373292117.6,13539,2155846136,0.977078,2569210000,0,,
2018/10/18,341240330.2,11919,2067991919,0.972522,2485030000,0,,
2018/10/19,249292650.4,11383,2037573961,0.981291,2322570000,0,,
2018/10/20,167278430.4,9784,2052005093,0.988241,2094040000,0,,
2018/10/21,85091623.62,9989,2043921582,0.984348,2188330000,0,,
2018/10/22,241943753.9,11076,2046782892,0.985726,2213350000,0,,
2018/10/23,428419499.6,11762,1995849111,0.984913,2111740000,0,,
2018/10/24,657317808.5,12890,1998074122,0.986011,1781560000,-500000000,,
2018/10/25,325513181.7,14514,1908010923,0.990443,1677800000,0,,
2018/10/26,160445402.3,11590,1904404661,0.988571,1881270000,0,,
2018/10/27,203511349.1,9418,1902877009,0.987778,1671750000,0,,
2018/10/28,150580158.5,10803,1917219219,0.995223,1729890000,0,,
2018/10/29,233990011.6,14418,1919417266,0.996364,2296810000,0,,
2018/10/30,389395481.8,17022,1818979067,0.995925,1983070000,0,,
2018/10/31,321824321.1,19216,1773835265,0.998544,2152470000,0,,
2018/11/1,217632334.7,17133,1754013952,0.987386,2043660000,0,,
2018/11/2,343079269.3,17175,1759925884,0.990714,2373920000,0,,
2018/11/3,143098675.7,9031,1764160873,0.993098,2117390000,0,,
2018/11/4,156231132.3,8619,1774680842,0.99902,2955200000,0,,
2018/11/5,204444319.5,12811,1758389279,0.989849,2757810000,0,,
2018/11/6,246326838,12120,1768832620,0.994805,3076640000,0,,
2018/11/7,266096694.3,10893,1764917628,0.993524,3266710000,0,,
2018/11/8,195232567.1,10021,1762661573,0.992254,2951660000,0,,
2018/11/9,226586598.7,9806,1766445351,0.994384,2643090000,0,,
2018/11/10,122497960.3,7672,1768244866,0.995397,2558040000,0,,
2018/11/11,185976641.3,7685,1701648874,0.997203,2634060000,0,,
2018/11/12,173252418.1,10356,1689821665,0.990272,2716680000,0,,
2018/11/13,197707477.8,9568,1685666528,0.987837,2679670000,0,,
2018/11/14,268997300.1,10925,1677753850,0.9832,4749050000,0,,
2018/11/15,485219600.7,16815,1659628239,0.972578,4956910000,0,,
2018/11/16,252845177.6,11581,1677718015,0.983179,3454560000,0,,
2018/11/17,186323070.7,7804,1738780236,0.989956,2909490000,0,,
2018/11/18,91513514.68,6926,1730454797,0.985216,3037000000,0,,
2018/11/19,332639958.4,12217,1745818217,0.993963,5189080000,0,,
2018/11/20,529157882.5,15269,1765874793,0.977554,5908970000,0,,
2018/11/21,340027162.4,15110,1758457626,0.973448,4348950000,0,,
2018/11/22,241154988.1,12434,1778935222,0.984784,3287830000,0,,
2018/11/23,230131958.1,12873,1790004975,0.990912,3775250000,0,,
2018/11/24,167638513.8,10297,1773635181,0.98185,3549490000,0,,
2018/11/25,370763965.8,12080,1816462258,0.978475,5223930000,0,,
2018/11/26,238498389.3,13797,1810059459,0.975026,4696030000,0,,
2018/11/27,243795000.5,12749,1817392326,0.978976,4071230000,0,,
2018/11/28,288278658.6,13480,1825456621,0.98332,4765620000,0,,
2018/11/29,246152355.3,14232,1847444267,0.995164,4348557871,0,,
2018/11/30,233837043,13431,1850114710,0.996603,4065662222,0,,
2018/12/1,151742579.5,10251,1849010863,0.994961,3306556081,0,,
2018/12/2,110658965.8,8108,1856125939,0.999841,3221855294,0,,
2018/12/3,180937279.8,12038,1850250643,0.996676,3069963646,0,,
2018/12/4,216282020.6,12408,1847811386,0.995331,3048831081,0,,
2018/12/5,177124259.8,13138,1856421442,1,3119796461,0,,
2018/12/6,248959183.2,13631,1840450978,0.991397,3702066873,0,,
2018/12/7,257793201.4,15253,1856853361,0.998803,4636871756,0,,
2018/12/8,126215003.4,9305,1856377055,1,3700874976,0,,
2018/12/9,133787167.9,9708,1885200219,1.02,3210392369,0,,
2018/12/10,172735715.5,13697,1887246299,1.02,3208473004,0,,
2018/12/11,176958097.5,12526,1893163990,1.02,3002221768,0,,
2018/12/12,156748026.4,13961,1874533234,1.01,2623601152,0,,
2018/12/13,177794828.7,12255,1881319381,1.01,2657124589,0,,
2018/12/14,165167039.7,13495,1860500701,1,2751719689,0,,
2018/12/15,106323325.6,11090,1865684231,1,2191631708,0,,
2018/12/16,100140959.6,11142,1868184263,1.01,2322330505,0,,
2018/12/17,800527454.7,15112,1874876148,1.01,3775394830,0,,
2018/12/18,222790291.3,15612,1880309990,1.01,4567397832,0,,
2018/12/19,320898672.4,17187,1879328388,1.01,5315586579,0,,
2018/12/20,297467401.2,16092,1892468256,1.02,6967777735,0,,
2018/12/21,272729890.4,16056,1885208114,1.02,5957952408,0,,
2018/12/22,147774423.5,12037,1876467083,1.01,4244056323,0,,
2018/12/23,151710082.5,12021,1886040853,1.02,5243877298,0,,
2018/12/24,291237624.2,18502,1885710064,1.02,6912098933,0,,
2018/12/25,222473245.2,17672,1891786345,1.02,5493940637,0,,
2018/12/26,233058682.9,15694,1892714209,1.02,4461185016,0,,
2018/12/27,236616913.7,15116,1901298702,1.02,3977540744,0,,
2018/12/28,284922687,15916,1901200729,1.02,4639997631,0,,
2018/12/29,148759753.7,13574,1898037885,1.02,4372940348,0,,
2018/12/30,116624745.8,11285,1912194495,1.03,3762583033,0,,
2018/12/31,150470435.5,11685,1902854518,1.02,3447513904,0,,
2019/1/1,77201626.92,9951,1892772547,1.02,3139234963,0,,
2019/1/2,291574794.6,15153,1908446134,1.02,4442755398,0,,
2019/1/3,226498297.1,16284,1900260730,1.02,3487202823,0,,
2019/1/4,243268905.1,15639,1898444419,1.02,3895786727,0,,
2019/1/5,197081493.2,12879,1900850297,1.02,3993806914,0,,
2019/1/6,198482998.5,12164,1910347641,1.02,4224650070,0,,
2019/1/7,269549033.3,15988,1918660232,1.02,3761972510,0,,
2019/1/8,274065464.7,15926,1902680590,1.01,3843200052,0,,
2019/1/9,235155666.4,15440,1924061690,1.02,3694148978,0,,
2019/1/10,397197696.7,19064,1951532809,1.02,5844376311,0,,
2019/1/11,314550726.2,16401,1992671198,1.03,4194066259,0,,
2019/1/12,148057827.3,12561,1968628488,1.02,3258438567,0,,
2019/1/13,123324268.4,11473,1967105373,1.02,3380321686,0,,
2019/1/14,313083953.4,18345,1994117522,1.02,4072427029,0,,
2019/1/15,318017782.9,18966,2030634314,1.02,3956962447,0,,
2019/1/16,222470081.3,17221,2034461698,1.02,3933540777,0,,
2019/1/17,280594033.2,16770,2039914521,1.02,4146824182,0,,
2019/1/18,257409851.5,17351,2049916429,1.02,3661299223,0,,
2019/1/19,175108730.5,14333,2029888798,1.01,3961648844,0,,
2019/1/20,142664235.3,14337,2050721693,1.02,4389435191,0,,
2019/1/21,211727457,18508,2063854397,1.02,3497758658,0,,
2019/1/22,193847629.1,16978,2035374036,1.01,3879616222,0,,
2019/1/23,176238236.2,16685,2033881765,1.01,3663985821,0,,
2019/1/24,170726725.4,17235,2034477909,1.01,3581348682,0,,
2019/1/25,191023072.9,18098,2038477177,1.01,3634209137,0,,
2019/1/26,114704229.4,15938,2035939570,1.01,3445405585,0,,
2019/1/27,109659352.4,15640,2034836041,1.01,3932642453,0,,
2019/1/28,294083330.7,20244,2038694610,1.01,4951907623,0,,
2019/1/29,227701549.1,20674,2039923121,1.01,4206195777,0,,
2019/1/30,174910418.7,17870,2035381727,1.01,4249354160,0,,
2019/1/31,270106067.8,20162,2033970566,1.01,4110696174,0,,
2019/2/1,171953638.7,16315,2013471072,1,3949396927,0,,
2019/2/2,107424121.4,15470,2046574352,1.01,3806913471,0,,
2019/2/3,114653277.4,12429,2020950151,1,3756996124,0,,
2019/2/4,126949078.8,10521,2020856844,1,3770858317,0,,
2019/2/5,95666453.55,9062,2017693389,0.998435,3691717612,0,,
2019/2/6,142153573.6,10385,2022113893,0.999498,4271302713,0,,
2019/2/7,104677623.4,9925,2023283054,1,3569921563,0,,
2019/2/8,204239423,11162,2025330851,1,6153689552,0,,
2019/2/9,147092150.5,9219,2021998987,1,4749715865,0,,
2019/2/10,113221205.2,8556,2029926999,1,4965113768,0,,
2019/2/11,151005809.5,10204,2027856142,1,5144064149,0,,
2019/2/12,133272525.7,11640,2029502697,1,5105059634,0,,
2019/2/13,177021258.1,15454,2029480830,1,5228665975,0,,
2019/2/14,155195696.9,13338,2014417760,1,4761618448,0,,
2019/2/15,127977534.9,11577,2048698900,1.01,5016161093,0,,
2019/2/16,114228209.4,12639,2028056761,1,4506743621,0,,
2019/2/17,117290691.9,14183,2023392364,1,5746888553,0,,
2019/2/18,244093470.7,18367,2012358570,1,9082574152,0,,
2019/2/19,322594026.6,19519,2016687656,1,9304885086,0,,
2019/2/20,249377536.7,18098,2035565492,1.01,8091720630,0,,
2019/2/21,213348704.8,16348,2050693141,1.01,6765318432,0,,
2019/2/22,269727731.5,17559,2018536636,1,6931449681,0,,
2019/2/23,142472343.2,15234,2038700777,1.01,8122320488,0,,
2019/2/24,285552791.1,19831,2045808840,1.01,11405442806,0,,
2019/2/25,292447483.3,23958,2031768958,1.01,9138604588,0,,
2019/2/26,235804622.3,20164,2043385025,1.01,7159288173,0,,
2019/2/27,201428813.4,19366,2039742726,1.01,7569906987,0,,
2019/2/28,224547757.6,22692,2041809695,1.01,7911756336,0,,
