date,txVolume(USD),txCount,marketcap(USD),price(USD),exchangeVolume(USD),medianTxValue(USD),fees,medianFee,activeAddresses
2016-06-02,,,0.0,1.33,83734.0,,,,
2016-06-03,,,0.0,1.29,57721.0,,,,
2016-06-04,,,0.0,1.09,4912.0,,,,
2016-06-05,,,0.0,0.587588,41700.0,,,,
2016-06-06,,,0.0,0.712541,95573.0,,,,
2016-06-07,,,0.0,0.768551,45932.0,,,,
2016-06-08,,,0.0,0.836892,56105.0,,,,
2016-06-09,,,0.0,1.02,27163.0,,,,
2016-06-10,,,0.0,1.41,63162.0,,,,
2016-06-11,,,0.0,1.56,34845.0,,,,
2016-06-12,,,0.0,1.37,40759.0,,,,
2016-06-13,,,0.0,1.22,79492.0,,,,
2016-06-14,,,0.0,1.32,51762.0,,,,
2016-06-15,,,0.0,0.911755,41509.0,,,,
2016-06-16,,,0.0,0.956326,43879.0,,,,
2016-06-17,,,0.0,0.930645,42058.0,,,,
2016-06-18,,,0.0,0.898507,173575.0,,,,
2016-06-19,,,0.0,0.665885,112349.0,,,,
2016-06-20,,,60424299.999999985,0.604243,1771960.0,,,,
2016-06-21,,,28920900.0,0.289209,626728.0,,,,
2016-06-22,,,23025200.0,0.230252,878411.0,,,,
2016-06-23,,,19137900.0,0.191379,530030.0,,,,
2016-06-24,,,19998300.0,0.199983,715427.0,,,,
2016-06-25,,,19349800.0,0.193498,412951.0,,,,
2016-06-26,,,20478299.999999996,0.204783,328673.0,,,,
2016-06-27,,,17000700.0,0.170007,169379.0,,,,
2016-06-28,,,17410000.0,0.1741,228770.00000000003,,,,
2016-06-29,,,14656800.0,0.146568,234893.0,,,,
2016-06-30,,,14323199.999999998,0.143232,311147.99999999994,,,,
2016-07-01,,,13927400.000000004,0.139274,233053.0,,,,
2016-07-02,,,14497500.0,0.144975,261410.00000000003,,,,
2016-07-03,,,18074600.0,0.180746,334447.0,,,,
2016-07-04,,,19283400.0,0.192834,301807.0,,,,
2016-07-05,,,22530900.0,0.225309,225635.0,,,,
2016-07-06,,,21995000.0,0.21995,218669.0,,,,
2016-07-07,,,22829200.0,0.228292,268443.0,,,,
2016-07-08,,,23318700.0,0.233187,203189.0,,,,
2016-07-09,,,19369100.0,0.193691,106202.00000000001,,,,
2016-07-10,,,22455700.0,0.224557,88774.0,,,,
2016-07-11,,,21804800.0,0.218048,88437.0,,,,
2016-07-12,,,21689700.0,0.216897,136972.0,,,,
2016-07-13,,,19973600.0,0.199736,103542.0,,,,
2016-07-14,,,19320600.0,0.193206,154375.0,,,,
2016-07-15,,,19662500.0,0.196625,115159.0,,,,
2016-07-16,,,20508200.0,0.205082,36851.0,,,,
2016-07-17,,,19385900.0,0.193859,60718.0,,,,
2016-07-18,,,19713600.0,0.197136,132592.0,,,,
2016-07-19,,,22483500.0,0.224835,168579.0,,,,
2016-07-20,,,20923800.0,0.209238,70378.0,,,,
2016-07-21,,,21109500.0,0.211095,93206.0,,,,
2016-07-22,,,20632400.0,0.206324,102240.0,,,,
2016-07-23,,,19123200.0,0.191232,48054.0,,,,
2016-07-24,,,20141600.0,0.201416,136512.0,,,,
2016-07-25,,,20216000.0,0.20216,115927.00000000001,,,,
2016-07-26,,,20203500.0,0.202035,199906.0,,,,
2016-07-27,,,17330600.0,0.173306,211513.0,,,,
2016-07-28,,,18216800.0,0.182168,79472.0,,,,
2016-07-29,,,17624200.0,0.176242,52603.0,,,,
2016-07-30,,,19174700.0,0.191747,30568.0,,,,
2016-07-31,,,18536600.0,0.185366,66910.0,,,,
2016-08-01,,,17216100.0,0.172161,79352.0,,,,
2016-08-02,,,16490500.0,0.164905,197249.99999999997,,,,
2016-08-03,,,12752700.0,0.127527,106321.0,,,,
2016-08-04,,,14458299.999999998,0.144583,78311.0,,,,
2016-08-05,,,15663200.0,0.156632,87961.0,,,,
2016-08-06,,,16482000.0,0.16482,52232.0,,,,
2016-08-07,,,17275700.0,0.172757,51728.0,,,,
2016-08-08,,,16083500.0,0.160835,85297.0,,,,
2016-08-09,,,17726000.0,0.17726,39850.0,,,,
2016-08-10,,,17342900.0,0.173429,115903.99999999999,,,,
2016-08-11,,,18904500.0,0.189045,112529.00000000001,,,,
2016-08-12,,,18093200.0,0.180932,148755.0,,,,
2016-08-13,,,18293200.0,0.182932,109816.0,,,,
2016-08-14,,,17761500.0,0.177615,115312.0,,,,
2016-08-15,,,17343100.0,0.173431,59199.0,,,,
2016-08-16,,,17382300.0,0.173823,66316.0,,,,
2016-08-17,,,17459400.0,0.174594,82779.0,,,,
2016-08-18,,,17763600.0,0.177636,54480.0,,,,
2016-08-19,,,17531400.0,0.175314,33598.0,,,,
2016-08-20,,,17840200.0,0.178402,23310.0,,,,
2016-08-21,,,17899800.0,0.178998,83163.0,,,,
2016-08-22,,,17443800.0,0.174438,67344.0,,,,
2016-08-23,,,17845200.0,0.178452,59064.0,,,,
2016-08-24,,,17658000.0,0.17658,45227.0,,,,
2016-08-25,,,17033400.0,0.170334,26812.0,,,,
2016-08-26,,,16798000.0,0.16798,30915.0,,,,
2016-08-27,,,16953100.0,0.169531,23585.999999999996,,,,
2016-08-28,,,16224900.0,0.162249,35982.0,,,,
2016-08-29,,,15185299.999999998,0.151853,53334.0,,,,
2016-08-30,,,15901700.0,0.159017,44755.0,,,,
2016-08-31,,,15848599.999999998,0.158486,59938.0,,,,
2016-09-01,,,16398400.0,0.163984,48630.0,,,,
2016-09-02,,,16111100.0,0.161111,45929.0,,,,
2016-09-03,,,17119100.0,0.171191,54250.00000000001,,,,
2016-09-04,,,16534500.0,0.165345,28552.0,,,,
2016-09-05,,,16576600.0,0.165766,26388.0,,,,
2016-09-06,,,17032700.0,0.170327,68491.0,,,,
2016-09-07,,,16646400.0,0.166464,58305.0,,,,
2016-09-08,,,16003000.0,0.16003,24373.0,,,,
2016-09-09,,,16237700.0,0.162377,33322.0,,,,
2016-09-10,,,16681099.999999998,0.166811,27087.0,,,,
2016-09-11,,,16236200.0,0.162362,37636.0,,,,
2016-09-12,,,16084300.000000002,0.160843,39086.0,,,,
2016-09-13,,,17135000.0,0.17135,29377.0,,,,
2016-09-14,,,16899800.0,0.168998,20792.0,,,,
2016-09-15,,,17305400.0,0.173054,43596.0,,,,
2016-09-16,,,16559600.0,0.165596,12703.0,,,,
2016-09-17,,,16514200.000000002,0.165142,89094.0,,,,
2016-09-18,,,17917600.0,0.179176,55809.00000000001,,,,
2016-09-19,,,18466200.0,0.184662,42683.0,,,,
2016-09-20,,,19137000.0,0.19137,171638.0,,,,
2016-09-21,,,21545200.0,0.215452,127409.0,,,,
2016-09-22,,,19953200.0,0.199532,53944.0,,,,
2016-09-23,,,19600000.0,0.196,38658.0,,,,
2016-09-24,,,18661800.0,0.186618,68776.0,,,,
2016-09-25,,,18147200.0,0.181472,62099.00000000001,,,,
2016-09-26,,,17491900.0,0.174919,36526.0,,,,
2016-09-27,,,17345500.0,0.173455,41339.0,,,,
2016-09-28,,,17363800.0,0.173638,25885.0,,,,
2016-09-29,,,17311200.0,0.173112,42652.0,,,,
2016-09-30,,,17318400.0,0.173184,143538.0,,,,
2016-10-01,,,19672700.0,0.196727,68996.0,,,,
2016-10-02,,,18593000.0,0.18593,27277.000000000004,,,,
2016-10-03,,,18745700.0,0.187457,65785.0,,,,
2016-10-04,,,19255300.0,0.192553,110394.0,,,,
2016-10-05,,,21102800.0,0.211028,236077.0,,,,
2016-10-06,,,21305400.0,0.213054,115933.0,,,,
2016-10-07,,,21098700.0,0.210987,136663.0,,,,
2016-10-08,,,20381700.0,0.203817,50465.0,,,,
2016-10-09,,,21253000.0,0.21253,58742.0,,,,
2016-10-10,,,21230700.0,0.212307,27118.0,,,,
2016-10-11,,,20994000.0,0.20994,85220.0,,,,
2016-10-12,,,20956700.0,0.209567,30333.0,,,,
2016-10-13,,,21285100.0,0.212851,41826.0,,,,
2016-10-14,,,20580800.0,0.205808,76178.0,,,,
2016-10-15,,,20968900.0,0.209689,136396.0,,,,
2016-10-16,,,22346300.0,0.223463,236807.00000000003,,,,
2016-10-17,,,23530000.0,0.2353,177063.0,,,,
2016-10-18,,,24429800.0,0.244298,146243.0,,,,
2016-10-19,,,24558800.0,0.245588,326732.0,,,,
2016-10-20,,,24914900.0,0.249149,75405.0,,,,
2016-10-21,,,24055000.0,0.24055,39153.0,,,,
2016-10-22,,,24377300.000000004,0.243773,211276.0,,,,
2016-10-23,,,27536800.0,0.275368,324055.0,,,,
2016-10-24,,,31369399.999999996,0.313694,517981.0,,,,
2016-10-25,,,33827200.0,0.338272,307680.0,,,,
2016-10-26,,,35485000.0,0.35485,515087.0,,,,
2016-10-27,,,33353800.0,0.333538,409264.99999999994,,,,
2016-10-28,,,32937699.999999996,0.329377,206322.0,,,,
2016-10-29,,,33797600.0,0.337976,255905.00000000003,,,,
2016-10-30,,,34671600.0,0.346716,249472.99999999997,,,,
2016-10-31,,,35108500.0,0.351085,234987.0,,,,
2016-11-01,,,32799400.0,0.327994,129183.0,,,,
2016-11-02,,,34587000.0,0.34587,58897.0,,,,
2016-11-03,,,35293200.0,0.352932,212870.0,,,,
2016-11-04,,,34633900.0,0.346339,90495.0,,,,
2016-11-05,,,34051900.0,0.340519,65271.0,,,,
2016-11-06,,,34985500.0,0.349855,112262.0,,,,
2016-11-07,,,36833200.0,0.368332,102888.0,,,,
2016-11-08,,,35172200.0,0.351722,78647.0,,,,
2016-11-09,,,34911100.0,0.349111,208008.0,,,,
2016-11-10,,,36902800.0,0.369028,136051.0,,,,
2016-11-11,,,37561200.0,0.375612,87279.0,,,,
2016-11-12,,,37622500.0,0.376225,167249.0,,,,
2016-11-13,,,40094600.0,0.400946,125585.0,,,,
2016-11-14,,,39031800.0,0.390318,168500.0,,,,
2016-11-15,,,38037600.0,0.380376,236251.0,,,,
2016-11-16,,,35775500.0,0.357755,200041.0,,,,
2016-11-17,,,33227400.0,0.332274,164967.0,,,,
2016-11-18,,,32468199.999999996,0.324682,308090.0,,,,
2016-11-19,,,29740400.0,0.297404,164366.0,,,,
2016-11-20,,,30757800.0,0.307578,100018.0,,,,
2016-11-21,22151.49551266208,18,27727600.000000004,0.277276,77955.0,351.09140363529247,0.027,0.001,18
2016-11-22,0.005485794,7,28872600.0,0.288726,75607.0,0.000288726,0.007,0.001,3
2016-11-23,,,27887099.999999996,0.278871,38300.0,,,,
2016-11-24,,,27289200.0,0.272892,140550.0,,,,
2016-11-25,,,26130800.0,0.261308,52721.0,,,,
2016-11-26,,,23308700.0,0.233087,102524.0,,,,
2016-11-27,,,21718300.0,0.217183,72829.0,,,,
2016-11-28,,,25746799.999999996,0.257468,94741.0,,,,
2016-11-29,,,30946600.000000004,0.309466,129517.99999999999,,,,
2016-11-30,,,25969399.999999996,0.259694,69225.0,,,,
2016-12-01,,,25279600.000000004,0.252796,38650.0,,,,
2016-12-02,,,24614400.0,0.246144,53633.0,,,,
2016-12-03,,,24622300.0,0.246223,43557.0,,,,
2016-12-04,,,24745300.0,0.247453,51360.0,,,,
2016-12-05,,,23570700.0,0.235707,33659.0,,,,
2016-12-06,,,23125200.0,0.231252,38582.0,,,,
2016-12-07,,,23252200.0,0.232522,26844.0,,,,
2016-12-08,,,24435200.0,0.244352,23638.0,,,,
2016-12-09,,,23641400.0,0.236414,18126.0,,,,
2016-12-10,,,23501000.0,0.23501,9008.0,,,,
2016-12-11,0.232955,1,23295500.0,0.232955,20208.0,0.232955,0.001,0.001,2
2016-12-12,0.008466599,1,22882700.0,0.228827,40733.0,0.008466599,0.001,0.001,2
2016-12-13,0.228146501,3,22883300.0,0.228833,18928.0,0.0228604167,0.003,0.001,2
2016-12-14,,,23361600.0,0.233616,25330.0,,,,
2016-12-15,,,22106200.0,0.221062,15290.0,,,,
2016-12-16,,,22117200.0,0.221172,31751.999999999996,,,,
2016-12-17,,,24446600.0,0.244466,18214.0,,,,
2016-12-18,,,23988900.0,0.239889,21916.0,,,,
2016-12-19,6.330204405000001,26,22858500.0,0.228585,39801.0,0.2053836225,0.026,0.001,18
2016-12-20,224.312805664,25,21735400.0,0.217354,70993.0,0.000217354,0.025,0.001,21
2016-12-21,0.35528041749280004,20,21254300.0,0.212543,136469.0,0.00021254300000000001,0.02,0.001,16
2016-12-22,1.1186223679999998,4,19484800.0,0.194848,73752.0,0.000194848,0.004,0.001,4
2016-12-23,0.000768312,4,19207800.0,0.192078,45692.0,0.000192078,0.004,0.001,5
2016-12-24,0.0009787700000000001,5,19575400.0,0.195754,32473.0,0.00019575400000000002,0.005,0.001,6
2016-12-25,549.9097377881532,7,18544400.0,0.185444,26826.0,11.263855764364,0.007,0.001,6
2016-12-26,81.668321004,9,20629200.0,0.206292,29712.000000000004,4.126458876,0.009,0.001,8
2016-12-27,0.0012207840000000001,6,20346400.0,0.203464,54308.0,0.00020346400000000002,0.006,0.001,6
2016-12-28,112.843271299,11,18775700.0,0.187757,52386.0,0.000187757,0.011,0.001,11
2016-12-29,1.8440487360000002,3,18436800.0,0.184368,49410.0,0.00018436800000000002,0.003,0.001,3
2016-12-30,0.001045485,5,20909700.0,0.209097,26185.0,0.00020909700000000002,0.005,0.001,5
2016-12-31,0.00022922100000000002,1,22922100.0,0.229221,48047.0,0.00022922100000000002,0.001,0.001,2
2017-01-01,0.024584868,3,25086599.999999996,0.250866,35423.0,0.000250866,0.003,0.001,4
2017-01-02,5.5883808162,2,22142900.0,0.221429,37158.0,2.7941904081,0.002,0.001,3
2017-01-03,0.000232669,1,23266900.0,0.232669,28997.0,0.000232669,0.001,0.001,2
2017-01-04,0.000239891,1,23989100.0,0.239891,75184.0,0.000239891,0.001,0.001,2
2017-01-05,5.982352960599999,3,24155800.0,0.241558,28182.0,0.28962804200000003,0.003,0.001,4
2017-01-06,0.000700941,3,23364700.0,0.233647,62838.00000000001,0.000233647,0.003,0.001,3
2017-01-07,0.000212612,1,21261200.0,0.212612,42203.0,0.000212612,0.001,0.001,2
2017-01-08,0.002393424,11,21758400.0,0.217584,18438.0,0.000217584,0.011,0.001,6
2017-01-09,0.00042753999999999996,2,21377000.0,0.21377,29743.000000000004,0.00021376999999999998,0.002,0.001,2
2017-01-10,0.000436666,2,21833300.0,0.218333,14961.000000000002,0.000218333,0.002,0.001,2
2017-01-11,8.54313026620656,5,22488800.0,0.224888,29955.999999999996,0.40434862400000005,0.005,0.001,6
2017-01-12,153.76113306058744,4,20115900.0,0.201159,13288.999999999998,0.00020115900000000002,0.004,0.001,5
2017-01-13,0.000205282,1,20528200.0,0.205282,14030.0,0.000205282,0.001,0.001,2
2017-01-14,0.0035225994999999997,5,21879500.0,0.218795,33042.0,0.00021879499999999998,0.005,0.001,5
2017-01-15,0.00023227700000000003,1,23227700.0,0.232277,42740.0,0.00023227700000000003,0.001,0.001,2
2017-01-16,0.000237278,1,23727800.0,0.237278,57903.0,0.000237278,0.001,0.001,2
2017-01-17,12.312536775,6,23677500.0,0.236775,36356.0,0.00023677500000000002,0.006,0.001,7
2017-01-18,0.0004902540000000001,2,24512700.0,0.245127,34180.0,0.00024512700000000004,0.002,0.001,2
2017-01-19,0.000505288,2,25264399.999999996,0.252644,33177.0,0.000252644,0.002,0.001,3
2017-01-20,,,23529800.0,0.235298,7215.0,,,,
2017-01-21,,,23477900.0,0.234779,23460.0,,,,
2017-01-22,,,24158300.0,0.241583,21406.0,,,,
2017-01-23,,,24980800.0,0.249808,37598.0,,,,
2017-01-24,2.22922833479852,4,24170800.0,0.241708,22123.0,0.538283716,0.004,0.001,5
2017-01-25,0.00046742800000000004,2,23371400.0,0.233714,22286.0,0.00023371400000000002,0.002,0.001,3
2017-01-26,0.000234656,1,23465600.0,0.234656,40554.0,0.000234656,0.001,0.001,2
2017-01-27,2.1270465720000002,6,23628600.0,0.236286,36451.0,0.11826114299999999,0.006,0.001,7
2017-01-28,338.33870741251303,17,23654300.0,0.236543,18724.0,0.26574583711154,0.017,0.001,15
2017-01-29,1807.7799388098997,13,24477100.0,0.244771,53622.0,24.476855228999998,0.013,0.001,13
2017-01-30,1410.683175784437,11,23908900.0,0.239089,35015.0,48.056410822,0.011,0.001,10
2017-01-31,3099.965902560011,31,23227000.0,0.23227,33927.0,7.284375102513501,0.031,0.001,22
2017-02-01,274.5569864253755,3,22586800.0,0.225868,24365.0,48.69124510537548,0.003,0.001,5
2017-02-02,9382.229498982819,37,23083700.0,0.230837,32076.0,27.446057625999998,0.037,0.001,30
2017-02-03,5327.407209505927,295,21193400.0,0.211934,115688.99999999999,2.1193400000000003e-09,0.295,0.001,21
2017-02-04,122488.80892720552,496,22947100.0,0.229471,58343.0,2.2947100000000002e-09,0.496,0.001,28
2017-02-05,8294.873796371228,550,22132600.0,0.221326,49044.0,2.21326e-09,0.55,0.001,33
2017-02-06,60323.50602295021,549,22474400.0,0.224744,99127.0,2.24744e-09,0.549,0.001,84
2017-02-07,18808.561659733172,1444,26497500.0,0.264975,41996.0,1.9871800125,1.444,0.001,492
2017-02-08,26029.760523834877,2086,25604200.000000004,0.256042,25869.0,1.279953958,2.086,0.001,544
2017-02-09,65528.63683887632,2705,26496100.0,0.264961,42759.0,1.589766,2.705,0.001,539
2017-02-10,48377.935693386964,2664,24845700.0,0.248457,29023.0,2.7330270000000003,2.664,0.001,692
2017-02-11,58334.16837239724,2553,23677200.0,0.236772,48287.0,2.841027228,2.553,0.001,616
2017-02-12,52770.405320379294,2680,24238500.0,0.242385,32410.999999999996,2.423607615,2.685,0.001,584
2017-02-13,878908.7401216328,2517,24996300.0,0.249963,16161.0,5.248973037,2.518,0.001,605
2017-02-14,120552.0037851526,2324,24728000.0,0.24728,155975.0,7.04735636,2.332,0.001,616
2017-02-15,95522.88781385309,2902,24286700.0,0.242867,75001.0,3.885872,2.903,0.001,610
2017-02-16,48629.315424848995,3569,24486300.0,0.244863,60036.0,3.672700137,3.57,0.001,603
2017-02-17,72001.10116285544,3575,24964000.0,0.24964,50195.0,3.49496,3.5765,0.001,587
2017-02-18,97616.18405174847,3145,25302000.000000004,0.25302,50274.0,2.02390698,3.15,0.001,793
2017-02-19,50181.32382139098,3235,24500100.0,0.245001,90623.0,0.0245001,3.235,0.001,815
2017-02-20,53120.51421658543,5032,24111200.0,0.241112,59416.0,0.0241112,5.037,0.001,1075
2017-02-21,104443.25197797394,5560,24612300.0,0.246123,91137.0,0.024612300000000004,5.564,0.001,1270
2017-02-22,42001.08612032087,4949,21918500.0,0.219185,45672.0,0.0219185,4.951,0.001,1005
2017-02-23,117830.86844755677,3982,22570200.0,0.225702,57350.0,0.22547629800000002,3.982,0.001,959
2017-02-24,49206.22323257542,3315,21920500.0,0.219205,63823.0,0.02102645706315,3.317,0.001,828
2017-02-25,54589.44736300862,2877,22064100.0,0.220641,78333.0,0.220641,2.888,0.001,787
2017-02-26,275441.7769627417,3006,21494400.0,0.214944,57827.0,1.289664,3.007,0.001,780
2017-02-27,32044.757636516384,3457,21550500.0,0.215505,56478.0,1.077525,3.458,0.001,726
2017-02-28,128088.01725491088,3727,22230800.0,0.222308,180411.0,0.6669240000000001,4.828,0.001,777
2017-03-01,102440.48711204775,3424,19577300.0,0.195773,76347.0,0.9786692269999999,3.425,0.001,746
2017-03-02,130691.32722277305,4373,19598000.0,0.19598,121697.0,1.1758799999999998,5.375,0.001,924
2017-03-03,390524.672244217,3935,18889400.0,0.188894,54215.0,0.94447,3.9365,0.001,818
2017-03-04,37591.919073042765,3199,20255900.0,0.202559,35096.0,0.404915441,3.199,0.001,795
2017-03-05,62619.7818468282,3255,19563400.0,0.195634,104482.0,0.586706366,3.256,0.001,740
2017-03-06,51575.62800847251,3541,22740000.0,0.2274,316545.0,0.6819726,3.541,0.001,801
2017-03-07,82140.23499993357,5844,23899700.0,0.238997,249683.0,2.628967,5.845,0.001,742
2017-03-08,49041.52352238037,3917,21401800.0,0.214018,199352.0,1.283893982,3.918,0.001,733
2017-03-09,57889.95822294124,4542,19562900.0,0.195629,239610.99999999997,2.738806,4.542,0.001,779
2017-03-10,118099.49400460388,5830,20577300.0,0.205773,189922.0,3.086389227,5.832,0.001,833
2017-03-11,73566.50148683482,6110,19919000.0,0.19919,169005.0,1.59332081,6.111,0.001,872
2017-03-12,169170.9287319113,13442,21886800.0,0.218868,1056330.0,0.018474125879820003,13.459,0.001,3838
2017-03-13,117851.66463209328,4419,25762900.000000004,0.257629,691705.0,1.8031453709999998,4.42,0.001,820
2017-03-14,220419.45346117855,4279,27148699.999999996,0.271487,209764.0,1.9004089999999998,4.27901,0.001,869
2017-03-15,307594.30629272887,5433,25535999.999999996,0.25536,399122.0,5.1072,5.445,0.001,781
2017-03-16,147419.10966308895,4793,30128100.000000004,0.301281,236330.99999999997,3.9163517190000006,4.798,0.001,759
2017-03-17,180914.36690069662,3895,31049200.0,0.310492,212020.99999999997,3.10492,3.896,0.001,752
2017-03-18,127609.90653777131,6219,26775400.0,0.267754,230859.0,2.945026246,6.22,0.001,1029
2017-03-19,206918.8186687594,6088,26392300.000000004,0.263923,184119.0,2.6656223,6.0905,0.001,833
2017-03-20,462201.5597440224,6491,28364200.0,0.283642,157842.0,2.552778,6.4915,0.001,807
2017-03-21,161730.56033674575,5381,28369300.0,0.283693,169660.0,2.552953307,5.3815,0.001,764
2017-03-22,158637.47141177533,6006,29040100.000000004,0.290401,161794.0,4.065323599,6.008,0.001,715
2017-03-23,158008.61092039003,5948,27533600.000000004,0.275336,144537.0,1.6520160000000002,5.961,0.001,962
2017-03-24,256743.5145236396,4948,27268900.000000004,0.272689,263578.0,1.908550311,4.951,0.001,902
2017-03-25,238647.1396516852,6756,28087600.000000007,0.280876,270956.0,1.404099124,6.759,0.001,1076
2017-03-26,372062.7909763369,5933,29638800.0,0.296388,230424.0,1.4816436119999998,5.9345,0.001,1019
2017-03-27,300753.1862271339,4596,32249800.0,0.322498,288109.0,0.322175502,4.599,0.001,1147
2017-03-28,320781.9029968006,4015,35840300.0,0.358403,229631.00000000003,3.2256270000000002,4.019,0.001,994
2017-03-29,383804.44177797745,3770,37404200.0,0.374042,297157.0,7.1067979999999995,3.771,0.001,896
2017-03-30,1196800.491237228,3786,40277900.0,0.402779,346511.0,7.6523982209999994,4.95437238,0.001,997
2017-03-31,279805.01195354736,4099,38145600.0,0.381456,274899.0,3.051648,4.109,0.001,930
2017-04-01,486824.132496765,4485,37664400.0,0.376644,312547.0,2.636131356,4.487,0.001,875
2017-04-02,504117.52681713074,5176,35004500.0,0.350045,351514.0,3.50045,5.188,0.001,879
2017-04-03,337846.92893583735,6307,34373600.0,0.343736,279890.0,2.749888,6.318,0.001,1425
2017-04-04,409763.1192909098,3367,38360500.0,0.383605,204891.00000000003,0.38322139499999996,3.389,0.001,1335
2017-04-05,375035.2617040915,4664,37088600.0,0.370886,379711.0,3.7084891140000003,4.716,0.001,1072
2017-04-06,293417.3620820313,2986,41780700.0,0.417807,260516.0,0.417807,2.988,0.001,958
2017-04-07,375369.6494421375,3484,39945700.0,0.399457,305879.0,2.396342543,3.487,0.001,808
2017-04-08,386934.7787299782,4182,38509800.0,0.385098,142979.0,4.620790902,4.183,0.001,805
2017-04-09,359379.937699946,2702,38094800.0,0.380948,190894.0,3.80948,2.7045,0.001,793
2017-04-10,151151.7516405778,2261,39278400.0,0.392784,259204.00000000003,3.534663216,3.269,0.001,801
2017-04-11,246144.6443005438,2624,41460400.0,0.414604,266946.0,5.804456,2.625,0.001,851
2017-04-12,706161.1913752867,3700,44729600.0,0.447296,373385.0,4.025664,3.706,0.001,882
2017-04-13,374944.1958737255,3492,41905100.0,0.419051,200220.0,1.2569434744999999,3.492,0.001,866
2017-04-14,330467.41545785114,4485,43739900.0,0.437399,131218.0,1.3117596009999999,4.492,0.001,949
2017-04-15,353640.92668425594,5776,42927900.0,0.429279,211117.0,3.8635110000000004,5.782,0.001,889
2017-04-16,142724.07401979083,4566,42607600.0,0.426076,96846.0,0.852152,4.573,0.001,926
2017-04-17,621306.5827400233,4327,43298900.0,0.432989,313608.0,0.02303368985366,4.327,0.001,1042
2017-04-18,566161.1010176447,5101,44513600.0,0.445136,257694.0,0.021373080401919996,5.102,0.001,957
2017-04-19,235951.92438096696,4924,43130600.0,0.431306,379471.0,0.02001673462454,4.926,0.001,992
2017-04-20,571061.0932964451,5358,45792400.0,0.457924,302686.0,0.915848,5.3705,0.001,1071
2017-04-21,300491.0901622612,7432,46138700.0,0.461387,180213.0,4.1520216130000005,7.433,0.001,1006
2017-04-22,383841.05480475177,6197,46081200.0,0.460812,195745.0,5.068471188,6.2,0.001,1012
2017-04-23,479459.7237921702,5161,47314100.0,0.473141,479973.0,4.258268999999999,5.1645,0.001,1147
2017-04-24,1659356.1017836884,4132,56352200.0,0.563522,681176.9999999999,5.634656478,4.1405,0.001,1263
2017-04-25,603329.3797739543,4352,56225200.0,0.562252,484929.00000000006,2.249008,4.354,0.001,1251
2017-04-26,413789.52833684994,5738,54962500.000000015,0.549625,407189.0,2.747575375,6.137,0.001,1156
2017-04-27,472457.6773333324,7934,55810900.00000001,0.558109,350409.0,0.01590350013097,8.036,0.001,3848
2017-04-28,538355.5573663522,5529,55961399.99999999,0.559614,377319.0,2.8260506999999997,5.533,0.001,1192
2017-04-29,456627.8706792157,6073,60207900.0,0.602079,334335.0,1.204158,6.077,0.001,1420
2017-04-30,467666.2346909539,5980,58429100.0,0.584291,265313.0,0.584291,5.982,0.001,1608
2017-05-01,414831.051890779,6355,59976400.0,0.599764,363534.99999999994,0.599164236,6.355,0.001,1206
2017-05-02,516919.26926086185,5648,59731400.0,0.597314,319906.0,4.43356139396399,5.648,0.001,1633
2017-05-03,1278178.5317419332,3298,62271700.0,0.622717,443313.0,3.736302,3.298,0.001,1341
2017-05-04,842942.3150771407,3381,66992099.99999999,0.669921,450198.0,0.00567187274808,3.3845,0.001,1576
2017-05-05,1638117.7232772578,2809,71819700.0,0.718197,500678.00000000006,0.00586245537978,3.8040002,0.001,1444
2017-05-06,630460.4007593027,3931,73337900.0,0.733379,526869.0,0.0055385882148499994,3.89850041,0.001,1656
2017-05-07,510254.0395604065,3631,76730100.0,0.767301,689834.0,0.00398741008767,3.54100094,0.001,1207
2017-05-08,1162015.281966285,3329,80095600.0,0.800956,620587.0,0.00528876052536,3.29100048,0.001,1417
2017-05-09,603134.0338942567,4453,83062700.0,0.830627,845264.0,0.00452154299331,4.39600059,0.001,1315
2017-05-10,4301831.818310173,5827,91455146.82333334,0.910802,2897830.0,0.00661371585884,5.9185,0.001,1870
2017-05-11,1231830.1624375877,2988,121358966.66666667,1.21,1606360.0,0.0093108532,3.95250061,0.001,1310
2017-05-12,917065.9178273259,4922,121808756.75675674,1.22,1006640.0,0.0085258663,4.86100063,0.001,1665
2017-05-13,1137673.9197007003,6516,111105403.36134455,1.11,1559600.0,0.006034875750000001,6.45100065,0.001,899
2017-05-14,2730871.786059483,7091,119124211.6788321,1.19,2176080.0,0.0066431869,6.96006765,0.001,1417
2017-05-15,1888799.3035587585,7150,137070457.14285716,1.37,1664930.0,0.00693105605,7.033134,0.001,1314
2017-05-16,2463734.090799881,8134,141493984.12698412,1.42,1209240.0,0.010587349599999999,8.022514,0.001,1784
2017-05-17,2222505.226901332,6185,127425544.7761194,1.27,1348780.0,0.0071867268,6.03801383,0.001,1191
2017-05-18,1542837.5283998975,6557,128412753.62318842,1.28,912823.0,0.0072679808000000005,6.481136,0.001,1175
2017-05-19,1843747.483056856,7373,139370961.7834395,1.39,1423940.0,0.0076110145,7.290586,0.001,1462
2017-05-20,953077.8884162315,5200,156901396.34146342,1.57,1019880.0000000001,0.0088202914,5.037665,0.001,934
2017-05-21,1674958.8445891323,7157,163824881.35593218,1.64,1498620.0,0.0094813648,6.996664,0.001,1896
2017-05-22,2525909.515698814,6077,176777566.84491977,1.77,1696230.0,0.0112009671,6.202084,0.001,1727
2017-05-23,7011499.484703271,5699,187910754.86381325,1.88,3640250.0,0.008488388,5.576144,0.001,1997
2017-05-24,8382338.119353291,7061,263702400.00000003,2.64,2549760.0,0.0108576864,6.941646,0.001,2168
2017-05-25,5614037.15321174,4889,283143898.30508476,2.83,2280980.0,0.0065436958,4.766144,0.001,1439
2017-05-26,4935135.17497322,3454,234663072.28915662,2.35,1994069.9999999998,0.001767623,3.435146,0.001,1248
2017-05-27,4635344.297410252,4032,248593853.33333337,2.49,2019910.0,0.0024900000000000005,3.89815,0.001,1349
2017-05-28,2938318.522533601,7606,225580939.27125502,2.26,1273880.0,0.0077015715,7.468652,0.001,2087
2017-05-29,3351845.453657555,3452,247927820.8955224,2.48,1475750.0,0.0016847756,3.300154,0.001,1339
2017-05-30,4299855.751435707,6266,270453781.5126051,2.7,2066020.0,0.0097903485,6.145257,0.001,1806
2017-05-31,2979669.2054403615,5934,243182867.79661018,2.43,2233740.0,0.00523452375,7.29216,0.001,1786
2017-06-01,5364987.245204051,4008,294336732.55813956,2.94,3224130.0000000005,0.0023119572,3.957697,0.001,1553
2017-06-02,8807289.539217563,5366,339708035.32008827,3.4,4988350.0,0.0106896,5.514163,0.001,2445
2017-06-03,15780366.092563378,5913,468784928.7090559,4.69,10124099.999999998,0.046900000000000004,7.368654,0.001,2543
2017-06-04,6665953.399691499,8515,515619992.52336454,5.16,4447070.0,0.01713894,8.414402,0.001,3037
2017-06-05,3302359.5230347435,6903,533297686.1702128,5.33,3095220.0,0.015519680800000001,6.75218,0.001,2398
2017-06-06,6860801.785118264,5303,568967987.2958258,5.69,4467540.0,0.003618271,6.124685,0.001,2029
2017-06-07,4216991.319766445,5732,547517510.4364327,5.48,2448950.0,0.0032287886000000004,5.756605,0.001,2326
2017-06-08,2324396.2567540896,5099,529070896.9072164,5.29,2984740.0,0.0020660095,4.88321842,0.001,1846
2017-06-09,4906496.895616062,4801,582220315.4574133,5.82,3963370.0,0.0056071044,4.576234,0.001,2461
2017-06-10,4780153.953069258,4023,634333340.2061855,6.34,5124700.0,0.004661167999999999,3.861741,0.001,1838
2017-06-11,4261039.93479882,6055,567081640.8227848,5.67,2939820.0,0.0051388911,5.846232,0.001,2834
2017-06-12,23421957.41762988,4804,631527402.9850746,6.31,2913670.0,0.0048824255999999995,4.801735,0.001,2316
2017-06-13,4228274.464735182,4725,533144103.98613524,5.33,2666350.0,0.0034506953,4.514932,0.001,2126
2017-06-14,3533812.0386020085,4329,581788467.583497,5.82,2377380.0,0.0035366394000000004,6.118231,0.001,2148
2017-06-15,5580847.276789149,3057,508520884.46969694,5.09,3132729.9999999995,0.0017615472,3.0526306,0.001,1527
2017-06-16,3121518.7490456644,4638,528446139.53488374,5.28,1920540.0,0.0029011224,4.378266,0.001,2125
2017-06-17,3117684.4415077874,4255,515556718.1467182,5.16,2057140.0000000002,0.002018334,3.999285,0.001,1519
2017-06-18,2109338.326972198,4955,516599040.08016026,5.17,1459429.9999999998,0.0032988735999999997,4.853629,0.001,2420
2017-06-19,14472916.81631748,4558,501881079.6116504,5.02,3298260.0,0.0029606453999999997,4.331744,0.001,1941
2017-06-20,4893226.718361056,4279,515211282.05128205,5.15,3440969.9999999995,0.0033418865000000007,4.042758,0.001,1852
2017-06-21,3717437.1664023106,5238,505990687.11656445,5.06,2505130.0,0.004034211499999999,4.98926201,0.001,2269
2017-06-22,6770791.569003256,6273,491011975.6097562,4.91,2058720.0,49.1,5.95475982,0.001,1810
2017-06-23,2239836.3727275995,3511,490730468.3301344,4.91,2166710.0,0.2717090399,3.29899711,0.001,2013
2017-06-24,3151623.3701976566,2317,520938895.06172836,5.21,2400890.0,0.2605,2.091762,0.001,1331
2017-06-25,2608478.8860025085,3140,488512294.37229437,4.88,3048820.0000000005,0.0036820088,3.48527,0.001,1612
2017-06-26,9869733.031041669,5373,463426966.05744123,4.64,6562969.999999999,0.006403664,315.740772,0.001,2518
2017-06-27,2883787.150666161,3856,394850839.16083914,3.95,2439380.0,0.002651082,3.690775,0.001,1683
2017-06-28,5408609.092700319,5487,431215499.99999994,4.31,2772690.0,0.0026832335999999995,5.213276,0.001,2370
2017-06-29,1572471.4386133193,5860,423520695.65217394,4.24,1639660.0,0.0032357772,5.66364587,0.001,3282
2017-06-30,3053638.2917572106,3028,394915910.3641457,3.95,2036280.0,0.0395,24.491287,0.001,1902
2017-07-01,1205463.0384631695,3586,356791589.1891892,3.57,2615170.0,0.010709999999999999,90.416802,0.001,2264
2017-07-02,4599655.424939414,4032,370354668.5082873,3.7,2239090.0,0.008818487500000001,27.375821,0.001,2538
2017-07-03,2841525.093984316,5176,360927041.9947506,3.61,2625710.0,0.0361,29.810929,0.001,3449
2017-07-04,6167412.994642373,5094,378874543.98148143,3.79,5214290.0,0.0036128554,27.384331,0.001,2587
2017-07-05,6124540.744007928,8545,431859789.4736843,4.32,5733020.0,0.0026865648000000005,23.768835,0.001,3527
2017-07-06,1351064.555391679,5750,458178345.62211984,4.58,2939229.9999999995,0.0028728508000000004,19.1048339,0.001,2816
2017-07-07,1600978.231472307,5985,433179172.41379315,4.33,2631630.0,0.0035851534,20.422832,0.001,3006
2017-07-08,956093.7624359686,3175,378774335.87786263,3.79,1412280.0,0.0029857241,8.487835,0.001,1840
2017-07-09,946082.376378244,3831,391990592.0,3.92,1225380.0,0.0085654744,9.534344,0.001,2333
2017-07-10,6510960.452544319,4224,373921751.77304965,3.74,2638830.0,3.74,10.487192,0.001,2617
2017-07-11,3661160.9510838357,2367,279005386.1003861,2.79,3152450.0000000005,1.2254399541,7.07216141,0.001,1598
2017-07-12,1422717.5696266952,3493,259126527.86885247,2.59,1930339.9999999998,0.0023104353999999997,6.924238,0.001,1933
2017-07-13,788275.3481177854,4585,304976862.06896555,3.05,1734160.0,0.0030499999999999998,5.24536879,0.001,2471
2017-07-14,1374891.4566240257,4633,288909613.1687243,2.89,2439500.0,0.0012012863,6.060372,0.001,2001
2017-07-15,2823523.3705959055,4958,243288264.70588237,2.43,2860750.0,0.0013093447500000003,7.349627,0.001,1736
2017-07-16,1080387.4685922973,9840,201262218.27411166,2.01,1677160.0,0.00115272495,11.424399,0.001,4294
2017-07-17,766973.0953357342,7715,196867103.1746032,1.97,1909110.0,0.0009496779,11.007288,0.001,2795
2017-07-18,754612.0470462168,3134,252375773.85159013,2.52,2325000.0,0.002129463,6.801318,0.001,1582
2017-07-19,979244.6738509905,5587,282473662.8787879,2.83,2096679.9999999998,0.0017686934000000001,7.95341614,0.001,2719
2017-07-20,848454.8177881935,5513,260926920.0,2.61,2164540.0,0.0104216256,7.585868,0.001,3086
2017-07-21,1331488.5552110537,3393,326160987.65432096,3.26,2167520.0,0.0015713525999999998,5.114366,0.001,1618
2017-07-22,2017717.4203877735,3062,324281630.7692308,3.24,3246480.0,0.0012555486000000002,5.687866,0.001,1313
2017-07-23,967549.740653769,5842,389752109.58904105,3.9,2608730.0,0.0016261245,7.83699094,0.001,3008
2017-07-24,1078805.2313478398,3918,364905639.2045455,3.65,1813130.0,0.002651141,4.93287801,0.001,1792
2017-07-25,1813713.7647743488,2887,352505621.99312717,3.52,2462600.0,0.0026953344,4.208881,0.001,1463
2017-07-26,2302176.2413463965,4179,291850802.919708,2.92,3013790.0,0.002345782,6.187881,0.001,2058
2017-07-27,969810.8543745728,7071,274041847.2727273,2.74,1889169.9999999998,0.0020146124,7.91289261,0.001,3767
2017-07-28,1871075.9823260314,6637,276119599.99999994,2.76,3030820.0,0.0017512199999999997,11.69039205,0.001,2741
2017-07-29,1314147.8700002818,1754,297797526.1324042,2.98,2116910.0,3.278,5.750887,0.001,1177
2017-07-30,1156542.6163454177,3841,286798466.9117647,2.87,1530680.0,0.0051824451,5.40375576,0.001,2871
2017-07-31,1397328.4848799156,11297,273773309.352518,2.74,2651760.0,3.21128e-05,4.92941531,1e-08,9595
2017-08-01,1394409.8095082706,17996,277326694.3521595,2.77,3257400.0,5.0815650000000005e-05,6.91340397,1e-08,14369
2017-08-02,2078339.5799187778,6724,301925145.29914534,3.02,3739710.0,0.0018967714,9.36534404,0.001,2898
2017-08-03,2565826.391316223,8827,354377046.875,3.54,4766700.0,0.0029993358,9.9753836,0.001,5690
2017-08-04,1754546.254937316,2401,387442888.2833788,3.87,4324800.0,0.719236791,3.17939427,0.001,1712
2017-08-05,1624813.251727284,2135,366966018.51851845,3.67,4831480.0,13.784519999999999,4.83059653,0.001,1447
2017-08-06,2065072.3093476577,4382,431684913.62763923,4.32,7075590.0,0.09194256,5.48040004,0.001,3313
2017-08-07,3863570.1316475016,7522,517552719.858156,5.18,7792050.0,0.016275404599999998,7.39291779,0.001,5459
2017-08-08,4506833.594705643,4259,564093826.2476894,5.64,6867910.000000001,0.564,8.84541108,0.001,2513
2017-08-09,3060990.0945310546,3693,537768261.8595825,5.38,4960110.0,0.0538,6.14073404,0.001,2245
2017-08-10,3303944.6278779833,9137,523727707.1428572,5.24,7501860.0,0.0035546588,9.25766436,0.001,5700
2017-08-11,3831175.3333580717,7335,559706859.2057762,5.6,7567900.0,0.004918031999999999,11.69895013,0.001,4489
2017-08-12,2949144.2124877567,2971,558201100.990099,5.58,6782250.0,4.1678321255999995,5.48445631,0.001,2125
2017-08-13,2731722.6397625804,4525,504837640.91858035,5.05,5823330.0,0.01515,4.50541447,1e-06,3220
2017-08-14,2588402.726794794,7844,483499372.881356,4.83,5089710.0,0.0033469002,6.77885052,1e-06,4477
2017-08-15,2954271.378198939,4929,473055298.53862214,4.73,5107560.0,0.004172806,3.95244062,1e-06,2783
2017-08-16,1350283.6301468639,4442,480423354.037267,4.8,2607640.0,0.0034267919999999997,2.96475285,1e-08,2720
2017-08-17,2673999.9636451257,11318,480727993.44978166,4.81,2609230.0,0.00424037575,3.45257946,1e-08,7851
2017-08-18,2001428.1681314544,9313,456977681.39534885,4.57,2588840.0,0.05027,5.27654543,0.001,6697
2017-08-19,819919.962553184,4383,429839841.986456,4.3,3801000.0,0.00303107,9.73802826,1e-08,2007
2017-08-20,890927.3208690516,8614,443422946.50205755,4.43,4519570.0,0.008403178399999999,7.16978678,1e-06,4929
2017-08-21,1780125.0843546588,7557,485072915.7175399,4.85,4064960.0,0.0028252705,5.84177869,1e-08,4118
2017-08-22,1981407.5392111992,6329,437995089.6860987,4.38,3358640.0,0.0024063281999999997,1.63229064,1e-08,3229
2017-08-23,1229014.2504398467,10749,448842850.00000006,4.49,2989630.0,0.0022778219,4.31332291,1e-08,5153
2017-08-24,1737708.9073607526,6885,463115288.84462154,4.63,3537820.0,0.0040324059,4.57979547,1e-08,5605
2017-08-25,3555991.7677821596,3138,502033339.65844405,5.02,9306450.0,0.1504593396,7.89850893,0.001,2322
2017-08-26,3303039.984248242,9130,527836240.60150373,5.28,9123230.0,0.0029992776,1.92032271,1e-08,4332
2017-08-27,1716873.399608973,15853,533559934.9904397,5.34,7212980.0,0.0028939596,1.95238486,1e-08,7975
2017-08-28,3134311.6266972087,11026,522136950.5703422,5.22,7208780.0,0.0030544569,3.62332571,1e-08,6696
2017-08-29,898409.8684303678,1724,527098631.1926605,5.27,7581710.0,0.05099209839999999,1.484261,0.001,1395
2017-08-30,354741.06682610884,1811,544164788.321168,5.44,6659820.0,0.01632,1.58034658,0.001,1490
2017-08-31,2551960.151629984,7753,547260607.7441077,5.47,9471090.0,0.006450333399999999,2.44631686,1e-08,5688
2017-09-01,3318445.603136174,8493,594824817.0731708,5.95,9556080.0,0.0034893775,2.0048269,1e-08,4274
2017-09-02,1949646.835383502,8896,578474114.7227533,5.78,6608910.0,0.0032905829,1.75818294,1e-08,4165
2017-09-03,1618507.4812404239,30240,526630086.5384615,5.27,5174780.0,1.0592699999999998e-05,3.00004672,1e-08,24614
2017-09-04,1783554.820690084,11844,520003347.63948494,5.2,8324539.999999999,0.001374568,4.04464307,1e-08,8913
2017-09-05,2385378.716748534,5564,467942674.69879514,4.68,6194560.0,0.0029097899999999998,1.72925543,1e-08,2982
2017-09-06,2382563.7653801707,7635,498780478.68217057,4.99,6069650.0,0.0027436018000000003,1.61284174,1e-08,3847
2017-09-07,1896914.068296,15288,510375843.37349385,5.1,6353829.999999999,0.00311049,3.92656247,1e-08,9302
2017-09-08,1899645.7100861666,12686,499380348.8888889,4.99,5899500.0,0.0025603191,1.83890579,1e-08,6114
2017-09-09,2038912.237722692,14556,450519674.88789237,4.51,5406880.0,0.002308218,1.59292968,1e-08,5387
2017-09-10,1449960.642554241,7733,444790113.3786848,4.45,5469690.0,0.0022339445,5.9993294,0.001,5293
2017-09-11,1370566.779379769,6546,443525379.3103449,4.44,4908140.0,0.00019524900000000001,2.25134801,1e-08,2669
2017-09-12,1406760.8134083885,6364,434729863.0136986,4.35,5306859.999999999,0.000164865,101.1203487,1e-08,2131
2017-09-13,1573107.582063771,7335,435601529.113924,4.36,4928930.0,0.00015207680000000001,2.88235362,1e-08,2441
2017-09-14,1904193.3062416045,9992,394888786.407767,3.95,4470510.0,0.0003062435,1.71438955,1e-08,4853
2017-09-15,956094.7139268719,6550,312234412.6984127,3.12,6270110.0,8.658e-05,1.55586098,1e-08,1897
2017-09-16,1720687.636492101,7020,376561837.7659575,3.77,4499490.0,0.00014829295,1.39537111,1e-08,2175
2017-09-17,1093851.700756954,14694,377463999.99999994,3.77,3406720.0,0.00091575185,5.16540925,1e-08,5530
2017-09-18,1935090.3572664664,11695,364155161.2903226,3.64,4080300.0000000005,0.0009969232,5.95387647,1e-08,4231
2017-09-19,1819789.2858450548,15844,435537798.0769231,4.36,3403370.0,0.0014290772000000002,7.93390115,1e-06,4800
2017-09-20,636349.940520334,16396,414392638.8206388,4.14,3910370.0,0.0009192455999999999,7.89940577,1e-06,4714
2017-09-21,1333072.2662408294,18640,405425027.47252744,4.05,2914710.0,0.00147012975,7.19318629,1e-08,8132
2017-09-22,690168.1959907606,14445,364561419.0981432,3.65,2723740.0,0.0016371345,5.01741917,1e-08,5124
2017-09-23,432596.60049860395,11276,375780272.0403022,3.76,4950050.0,0.0019275452,1.55742194,1e-08,4414
2017-09-24,660859.2908244136,11981,396756000.0,3.97,5012110.0,0.0020485994,3.78790668,1e-08,6612
2017-09-25,1256086.397866861,5376,396812293.144208,3.97,5218940.0,0.00037008340000000003,4.64033177,0.001,3072
2017-09-26,1644753.8853145055,10114,422973507.3068894,4.23,7713419.999999999,0.00032960160000000005,6.9898597,0.001,4014
2017-09-27,1823027.9886642257,15522,476754580.27079296,4.77,11447500.0,0.0009423611999999999,6.45941955,1e-08,4352
2017-09-28,2648093.440571808,14851,516651728.0334728,5.17,8795790.0,0.0003030137,6.48191176,1e-08,6745
2017-09-29,1127540.312520605,10006,476946784.989858,4.77,8515820.0,0.00019382894999999997,6.56203448,0.001,2907
2017-09-30,1200729.1983271642,8444,492668398.80952376,4.93,7480680.0,0.00017750465,5.90584728,0.001,2450
2017-10-01,1326129.9505532046,8635,503473649.8993964,5.03,8233020.0,0.000371717,6.56634543,0.001,4424
2017-10-02,1054492.1283789836,6247,497046113.4020619,4.97,7422400.000000001,0.0002697219,3.50540587,0.001,2980
2017-10-03,1199083.726917949,5181,487215186.0465116,4.87,6975040.0,0.00016811240000000002,4.91735443,0.001,2024
2017-10-04,2736095.1918243845,8225,474350431.7718941,4.74,8679860.0,4.977e-05,7.07477001,0.001,2561
2017-10-05,1498694.22707391,10007,491823790.74446684,4.92,6804000.0,0.0004150512,2.06818236,1e-08,6119
2017-10-06,1470782.739548225,10594,497198000.00000006,4.97,6574959.999999999,0.0001074017,5.72424885,0.001,3173
2017-10-07,1805514.535548864,10636,496228239.0438248,4.96,6760300.0,5.6816799999999994e-05,6.70737506,0.001,2724
2017-10-08,2263405.111882015,20742,501128635.13513505,5.01,7717430.0,0.00015303044999999998,15.44258234,0.001,7592
2017-10-09,2234036.845736745,16673,444099980.62953997,4.44,6698160.0,5.878560000000001e-05,10.22939726,0.001,4268
2017-10-10,1472843.2736002768,15386,410881288.83495146,4.11,5675270.0,4.03602e-05,9.95489193,0.001,3245
2017-10-11,2902436.3859774237,12016,410605715.3110048,4.11,7296340.0,2.6447850000000005e-05,9.6058153,0.001,3268
2017-10-12,2376751.196438141,14920,417516298.102981,4.18,6289170.0,5.73914e-05,9.82164913,0.001,5565
2017-10-13,2147414.365331234,15181,369350410.57934505,3.69,6777070.0,3.1069800000000005e-05,10.6445845,0.001,3957
2017-10-14,1365962.3731624654,12435,398215915.0,3.98,5190930.0,2.8059e-05,9.23130729,0.001,2337
2017-10-15,805924.0715403244,16606,401128742.1052632,4.01,4384340.0,5.872645e-05,11.37690872,0.001,5370
2017-10-16,978516.779849962,13179,379793930.34825873,3.8,4972740.0,2.3597999999999997e-05,10.20728522,0.001,3327
2017-10-17,2421495.738496327,14409,404256622.4489796,4.04,4954490.0,3.02192e-05,10.70039664,0.001,3138
2017-10-18,767151.5136416344,40422,393378408.41584164,3.93,7283440.0,5.6199e-06,36.01441547,0.001,30765
2017-10-19,3413107.0932929544,18589,404252370.17994857,4.04,8840030.0,6.2014e-05,10.26445359,0.001,6453
2017-10-20,1547460.2401460875,15023,389356051.91256833,3.89,10830100.0,3.63715e-05,9.76542586,0.001,3532
2017-10-21,779837.874344438,13461,364131162.0111732,3.64,10666600.0,2.75184e-05,12.74751042,0.001,2555
2017-10-22,594168.2685036914,27765,358151000.0,3.58,8491900.0,1.42484e-05,22.29593102,0.001,14554
2017-10-23,1019128.4847857215,22967,358136566.7574932,3.58,8621370.0,8.234e-06,18.73961863,0.001,14145
2017-10-24,2632700.705521597,13633,366931675.5319149,3.67,8703160.0,3.11583e-05,9.95041808,0.001,2938
2017-10-25,964391.6193521016,13527,375992886.48648643,3.76,8533500.0,3.76e-05,8.36594008,0.001,3506
2017-10-26,693863.1298929253,17301,372225049.7237569,3.72,8321869.999999999,5.6581200000000006e-05,9.70796808,0.001,6034
2017-10-27,1008677.2502157077,12729,362325186.44067794,3.62,6714780.0,3.3050600000000005e-05,8.3904414,0.001,3095
2017-10-28,841492.6774111998,4294,353887456.6473988,3.54,8103840.000000001,0.0001799559,1.57143317,1e-08,1822
2017-10-29,575273.9503575081,16171,345573853.1073446,3.46,9046840.0,6.228000000000001e-05,11.01946144,0.001,5456
2017-10-30,2208898.276397695,28721,355348879.3103448,3.55,8523780.0,1.7039999999999997e-06,26.03953669,0.001,21066
2017-10-31,1430198.4357163918,11025,346673348.76543206,3.47,9895450.0,2.28673e-05,8.93994074,0.001,2391
2017-11-01,3583094.757301255,14482,323424705.8823529,3.23,11933800.0,6.116005000000001e-05,9.42735838,0.001,3841
2017-11-02,2204877.3541986905,16134,291673216.30094045,2.92,14949199.999999998,7.518999999999999e-05,9.05999492,0.001,6183
2017-11-03,3832090.4152536825,16187,321233771.73913044,3.21,14090800.0,2.9532e-05,11.41346854,0.001,4018
2017-11-04,906116.2326405625,13438,365278287.29281765,3.65,11619500.0,2.6243499999999997e-05,9.92595799,0.001,2544
2017-11-05,686934.8396110644,17637,361407040.5797101,3.61,9798490.0,3.3284199999999996e-05,13.59197224,0.001,4970
2017-11-06,1465139.851409078,14828,346388267.04545456,3.46,12291000.0,2.88564e-05,9.96153834,0.001,3672
2017-11-07,1720235.1685118335,14533,352458840.10840106,3.52,11312200.0,3.00608e-05,10.04910231,0.001,2899
2017-11-08,3484044.2851797906,23630,368362275.5555556,3.68,20540000.0,2.1012800000000003e-05,18.1446235,0.001,8931
2017-11-09,7420929.380737836,36077,450639934.82688385,4.51,20982300.0,1.3079e-05,28.84175972,0.001,19725
2017-11-10,2431853.4619640866,20159,491747037.735849,4.92,14425500.0,3.99504e-05,13.29152708,0.001,4163
2017-11-11,2542649.281306876,19408,422832648.05825245,4.23,12304600.0,4.11156e-05,13.24152699,0.001,4770
2017-11-12,1805592.6240019728,20335,409608837.83783776,4.1,12279900.0,4.1e-05,15.14565691,0.001,5633
2017-11-13,870265.8510133923,34205,368672931.81818175,3.69,12493200.0,8.487e-06,27.82903396,0.001,17642
2017-11-14,2946187.519132044,22003,440303538.7673956,4.4,19374900.0,3.885200000000001e-05,16.66653244,0.001,4944
2017-11-15,5342151.502886086,26411,504601000.0,5.05,25851400.0,2.1816e-05,20.55502912,0.001,10471
2017-11-16,2452811.8435680093,23371,506598447.4789917,5.07,24087100.000000004,8.882640000000001e-05,13.60406232,0.001,7691
2017-11-17,2395733.436888075,18660,474771443.5146443,4.75,18777000.0,3.88075e-05,12.4650305,0.001,3782
2017-11-18,1599037.7262770482,18344,476798399.99999994,4.77,26020400.0,4.04019e-05,12.30903607,0.001,3807
2017-11-19,3723512.5382361454,23336,528218625.0,5.28,20869400.0,7.61376e-05,14.974065,0.001,6720
2017-11-20,1912405.321900107,43213,513303711.5749526,5.13,22272000.0,8.2593e-06,36.23705714,0.001,24669
2017-11-21,1415333.3291437775,20182,525720277.45664734,5.26,23353900.0,4.1238399999999995e-05,14.12863289,0.001,3762
2017-11-22,2278913.7770826444,24112,520391228.7334594,5.2,26343100.0,4.0404e-05,16.48707627,0.001,5264
2017-11-23,2457199.8122614133,25315,528965344.89402694,5.29,21305100.0,4.94086e-05,42.02217592,0.001,7214
2017-11-24,1584893.5361911429,22587,518840231.3575526,5.19,22424900.000000004,3.77313e-05,15.58007414,0.001,4882
2017-11-25,1559323.5565430175,21219,521902429.90654206,5.22,20520600.0,3.58092e-05,14.96907154,0.001,3905
2017-11-26,2712302.7253121263,25763,536464281.6901409,5.36,25667300.0,4.0092800000000003e-05,18.93508632,0.001,11918
2017-11-27,3147741.197274536,28500,567405430.0884956,5.67,25029600.0,2.4267599999999998e-05,19.59910634,0.001,15648
2017-11-28,1950320.2333751598,13248,561935554.8060708,5.62,26201500.0,0.0001977116,7.19658431,0.001,4255
2017-11-29,5603444.422644621,20595,590618193.4235977,5.91,30996500.0,5.54358e-05,15.09558878,0.001,5725
2017-11-30,3190385.360317726,29291,522896043.0327869,5.23,25549499.999999996,4.84298e-05,57.74609114,0.001,10745
2017-12-01,1580497.117461724,21392,484396379.3103448,4.84,26090100.0,2.9282e-05,15.95707631,0.001,5669
2017-12-02,3047440.9382090927,20795,579123191.4893616,5.79,30325700.0,4.5856800000000005e-05,13.77959589,0.001,4709
2017-12-03,5079117.106256119,25604,608874270.9677418,6.09,33036700.0,6.09e-05,18.61753447,0.001,8680
2017-12-04,3962300.1327814115,28345,620990717.4887892,6.21,30419300.0,3.60801e-05,20.72958928,0.001,7324
2017-12-05,10052533.125399357,28204,668640738.8963661,6.69,40875800.0,1.58553e-05,20.30543757,0.001,19501
2017-12-06,5617827.555189154,32479,738330042.7046263,7.38,52074900.0,3.5424e-05,25.00095928,0.001,12705
2017-12-07,22047479.819872912,28321,851579000.0,8.52,61751499.99999999,0.0001697184,58.73644529,0.001,13404
2017-12-08,20652940.31306654,12721,870541688.0952382,8.71,45781100.0,0.000390208,5.26287672,1e-08,5112
2017-12-09,5927679.7407391,13265,841140809.6330274,8.41,47394900.0,0.0004458982,5.14158339,1e-08,4215
2017-12-10,6240128.910331458,18526,876140016.3934426,8.76,57336900.0,0.0005660274,9.33319243,0.001,7683
2017-12-11,11074051.192372642,35833,973208128.342246,9.73,74140496.0,2.3060100000000003e-05,27.20608851,0.001,26372
2017-12-12,17952308.21931482,15936,1123317402.422611,11.23,103848000.0,0.000671554,7.55708677,1e-08,5595
2017-12-13,8859444.615968406,20085,1522665274.7252748,15.23,75995504.0,0.0006858069,6.47113643,1e-08,5212
2017-12-14,10317748.776429467,24779,1355830997.0674486,13.56,55002000.0,0.0008648568000000001,51.67834158,1e-08,10224
2017-12-15,21028041.139167085,25301,1354627349.1214669,13.55,95357504.0,0.00072899,9.61094683,1e-08,7853
2017-12-16,12751928.349902116,24266,1356202388.0597017,13.56,69311000.0,0.000681051,8.40115891,1e-08,6714
2017-12-17,17183018.23604313,28061,1338594542.097489,13.39,64376199.99999999,0.0007438145,12.86386939,1e-08,10414
2017-12-18,16428237.103204766,50571,1362903952.5944908,13.63,102357000.0,0.0001363,34.10416502,0.001,29852
2017-12-19,23281986.879500832,32103,1562724581.4977975,15.63,114641000.0,0.0006584919,14.46317688,1e-08,8327
2017-12-20,12655143.357429828,34548,1601863076.9230769,16.02,81905696.0,0.0005816862000000001,15.58009998,1e-08,8782
2017-12-21,10593845.570594218,46204,1528675695.5708046,15.29,90875600.0,0.0003992219,72.60516918,0.001,13936
2017-12-22,10060387.004734168,20776,1614077348.2428117,16.14,71699504.0,0.0012441519,18.68452243,0.001,7352
2017-12-23,11328715.737194987,28829,1267239726.6993692,12.67,88401104.0,0.0002321144,28.44339539,0.001,7330
2017-12-24,12169016.829964584,28987,1447230514.1202028,14.47,59222600.0,0.0001928851,28.35504641,0.001,9526
2017-12-25,41242605.034044296,6395,1392726862.745098,13.93,65545300.0,174.93294,5.81400632,0.001,4688
2017-12-26,13176408.689857906,9964,1430748063.3802817,14.31,65504500.00000001,0.01030455945,9.98600051,0.001,5489
2017-12-27,12993331.343979338,44099,1432284712.8129604,14.32,54343300.0,1.79e-05,44.7205,0.001,27986
2017-12-28,6517386.354588449,19688,1357989315.4996064,13.58,48273000.0,0.0003310125,71.22650504,0.001,9268
2017-12-29,11698580.773340346,5172,1287009435.483871,12.87,64926899.99999999,59.234757689249996,4.07751147,0.001,3776
2017-12-30,14050240.684319744,11895,1363976900.9314141,13.64,49173200.0,0.00033813560000000003,19.1255,0.001,4494
2017-12-31,5491131.654115107,46177,1169684285.7142859,11.7,50113900.00000001,1.5678e-05,51.12050736,0.001,31017
2018-01-01,2876890.9297061358,18836,1263411957.040573,12.63,43302300.0,0.0001055868,17.39350057,0.001,4791
2018-01-02,8469336.87950225,23390,1253981213.483146,12.54,61136299.99999999,0.00010282799999999999,23.10030501,0.001,5718
2018-01-03,10413245.662584884,26371,1332461431.8706696,13.32,53810900.0,0.00012147840000000002,29.166027,0.001,6277
2018-01-04,14678719.824437337,76467,1305958341.307815,13.06,65343400.0,1.3060000000000002e-07,124.5993406,0.001,10998
2018-01-05,6732910.212053467,4017,1244690298.5074627,12.45,65668300.0,37.28775,3.3330085,0.001,3459
2018-01-06,7988208.825547947,5420,1202355178.8491447,12.02,59738700.00000001,25.2606627328,4.65230513,0.001,4004
2018-01-07,14749238.72896557,37940,1286701853.2818532,12.87,56240800.0,2.00772e-05,37.61930733,0.001,30231
2018-01-08,7939230.558455261,21374,1284934005.8694057,12.85,72190304.0,6.225825e-05,20.3514787,0.001,6506
2018-01-09,13567131.470792254,34844,1352854180.138568,13.53,62959200.0,8.61861e-05,34.36619614,0.001,13587
2018-01-10,8656955.707440158,69791,1304327535.321821,13.04,62348700.0,1.304e-07,69.52985476,0.001,9233
2018-01-11,14366985.377719745,11586,1265283473.3893557,12.65,46240500.0,0.075523789,62.44644286,0.001,9168
2018-01-12,5339119.347944582,6938,1078076049.382716,10.78,43342800.0,8.669756572399999,8.79953819,0.001,4884
2018-01-13,7155951.488303779,10787,1134865680.4733727,11.35,42000200.0,0.01135,64.814942,0.01,8058
2018-01-14,8407844.020053033,5431,1185128223.6248872,11.85,46611100.0,23.68815,4.27545827,0.001,3911
2018-01-15,7330916.610162159,5500,1101989767.8737233,11.02,47209300.0,27.5142069849,4.59726569,0.001,4046
2018-01-16,5344942.0829573525,5385,1083105847.4374254,10.83,42325600.0,29.03673537,5.93905684,0.001,3511
2018-01-17,5598074.238257793,8394,835725122.3733003,8.36,86632304.0,0.1672,7.93500001,0.001,4406
2018-01-18,4656717.858868923,20500,847813637.2093024,8.48,35228000.0,0.0005432712000000001,72.59692484,0.001,10159
2018-01-19,5004144.212177919,19209,851111463.5535308,8.51,45279300.0,4.0252299999999994e-05,19.63704761,0.001,5682
2018-01-20,4988782.322656356,30530,888049025.0000001,8.88,51892200.0,3.26784e-05,28.93949837,0.001,7098
2018-01-21,6316766.801733509,42680,964726952.8415962,9.65,36459600.0,4.062650000000001e-05,97.51031435,0.001,11595
2018-01-22,5779539.980835423,89602,838189812.0481927,8.38,30657000.0,8.380000000000001e-08,89.54090872,0.001,6611
2018-01-23,3369506.3696463117,41119,828347356.097561,8.28,37418900.0,2.0699999999999997e-06,42.17552789,0.001,6157
2018-01-24,4880756.342319878,52302,820262474.4608399,8.2,45927300.0,8.199999999999999e-08,51.73657402,0.001,6152
2018-01-25,4789750.380335351,29309,892450922.7373067,8.92,38346500.0,5.3966e-05,82.40534086,0.001,12130
2018-01-26,4656999.492735883,4935,903605508.9285713,9.04,34796200.0,0.15389018,6.05135044,0.001,3620
2018-01-27,3701323.8909196,4931,895147365.532382,8.95,39528900.0,0.0895,3.4638677,0.001,3679
2018-01-28,7254777.395115724,12192,916625226.0869565,9.17,34527300.0,0.0031964786,67.65650936,0.01,8621
2018-01-29,3538881.5482402793,20660,919297540.7577496,9.19,33554900.0,3.55653e-05,19.46446159,0.001,5826
2018-01-30,11909797.019933455,25597,870891268.0683311,8.71,29051000.0,2.4997700000000003e-05,26.32975,0.001,5523
2018-01-31,2208666.911992081,6485,762889722.65625,7.63,27535700.0,0.00763,6.995361,0.001,3933
2018-02-01,3548089.095774223,10706,769460884.5577211,7.7,27774000.0,0.011206118000000001,64.75042588,0.01,8683
2018-02-02,5360553.745508946,5196,665216661.2903225,6.65,26726300.0,0.6683250000000001,5.77932169,0.001,3614
2018-02-03,2259600.3145124246,8060,620608479.6380091,6.21,23023200.0,6.96141e-05,6.85951992,0.001,3951
2018-02-04,1805603.7314503654,24412,664163108.0139372,6.64,25765100.0,5.18584e-05,81.97937836,0.001,10162
2018-02-05,5987959.891924294,21534,570429000.0,5.71,22395200.0,2.10128e-05,30.53150668,0.001,5611
2018-02-06,4820822.417586361,25036,453880667.98418975,4.54,20248500.0,1.3937799999999999e-05,24.24361782,0.001,5566
2018-02-07,3894756.506145176,23957,501154231.38833004,5.01,16135000.0,1.3827599999999998e-05,23.606864,0.001,5185
2018-02-08,1311300.6202421004,33532,491701978.49462366,4.92,31567200.000000004,2.22876e-05,88.61363275,0.001,11105
2018-02-09,2764199.3512450797,18734,560239205.2980132,5.6,24332800.0,2.3296e-05,18.57225102,0.001,6100
2018-02-10,4055057.877470952,5373,606421657.3426573,6.06,29552400.000000004,0.8605199999999998,5.42683,0.001,3273
2018-02-11,2413059.032609368,11879,572078715.5963303,5.72,21599600.0,0.0014718132,70.07784043,0.01,8423
2018-02-12,2706609.79567346,4630,549339765.7342658,5.49,20167600.0,0.0681118497,2.76834044,0.001,3532
2018-02-13,5839227.786000475,3514,574444850.0,5.74,17030400.0,5.74,2.653236,0.001,2613
2018-02-14,1589922.9819414278,3458,559336967.2897196,5.59,20068500.0,6.345921166,2.647843,0.001,2600
2018-02-15,6814190.414147718,12957,642153539.0334573,6.42,61670200.0,0.00642,68.92634599,0.001,9530
2018-02-16,6007967.51760448,7875,800043544.3037975,8.0,44143700.0,0.00922064,8.90322327,0.001,4580
2018-02-17,4220044.589812539,4836,788186948.9795918,7.88,34458200.0,1.0601096778,3.30385503,0.001,3685
2018-02-18,3906198.7203386785,12992,783903299.734748,7.84,40081300.0,0.002148356,72.3953525,0.01,8976
2018-02-19,3275912.783488288,4698,754216891.3580247,7.54,37813100.0,7.5102147757,3.20535452,0.001,3626
2018-02-20,16095322.335880943,4450,809575330.0124533,8.1,46087500.0,23.728359753,3.49785288,0.001,3302
2018-02-21,5655061.680732154,5459,802257037.1389271,8.02,39877300.0,8.9022603906,4.625856,0.001,3980
2018-02-22,8569562.422981976,16058,726023170.2127659,7.26,28774100.0,0.00726,73.50122087,0.001,11330
2018-02-23,3021077.9464084785,11030,658420145.1851852,6.58,24788900.0,0.00658,11.55635873,0.001,5572
2018-02-24,3242420.07741954,9255,675506250.0,6.75,20271100.0,0.00675,8.3853503,0.001,4148
2018-02-25,3697060.190221467,25370,655602761.1710323,6.56,20420000.0,6.0516e-05,85.01936087,0.001,10399
2018-02-26,4553965.632028296,29159,649176295.5223881,6.49,21780800.0,5.09465e-05,27.3643706,0.001,12891
2018-02-27,4151928.808406614,22864,670894106.2215477,6.71,23597200.0,2.83833e-05,21.88357187,0.001,5938
2018-02-28,6275893.2969823945,7219,661791612.0826709,6.62,23822800.0,0.033100000000000004,6.388873,0.001,4767
2018-03-01,6591973.6733165905,12537,629867168.6746987,6.3,23214300.0,0.0063,11.04668494,0.001,9529
2018-03-02,2575320.0896603973,6136,662760803.8922156,6.63,19421300.0,0.039633278099999995,6.60635326,0.001,4242
2018-03-03,1673685.0056477196,3385,666357130.4347826,6.66,19895900.0,1.1840806008,2.502886,0.001,2589
2018-03-04,1837637.427038596,14746,689460002.9154518,6.89,22357700.0,0.0010982659999999999,74.68840998,0.001,9424
2018-03-05,1813968.939745539,8639,685832311.1111112,6.86,26863300.0,0.034300000000000004,6.81490758,0.001,5772
2018-03-06,1690798.7831804212,4078,676525048.5436894,6.76,23312400.0,0.9191273884,3.643708,0.001,2990
2018-03-07,4068260.5059678117,3889,615567510.4669887,6.16,27654600.0,7.117621896,2.88691598,0.001,2836
2018-03-08,7581634.534737681,11062,620178500.8517888,6.2,31160000.0,0.009595368,10.26892203,0.001,9169
2018-03-09,3273005.9587224578,5527,584051646.2585034,5.84,25548400.0,0.00584,6.73327324,0.001,3857
2018-03-10,1033456.4098119996,6768,586919618.018018,5.87,18057800.0,0.02935,5.83294001,0.001,4470
2018-03-11,2074417.578220771,12859,551640732.2033898,5.52,21654300.0,0.0015503472,78.19345025,0.01,9414
2018-03-12,1067018.2993991135,5361,588359333.3333333,5.88,25160400.0,0.0020970432,3.4509626,0.001,3565
2018-03-13,8087812.845931451,6923,555619000.0,5.56,22695500.0,0.0278,6.32375897,0.001,4778
2018-03-14,3436117.508245189,10172,555109216.8674698,5.55,22462700.0,0.02775,9.271966,0.001,6990
2018-03-15,3367767.811952747,13959,497839724.13793105,4.98,24144400.0,0.0059646456,12.78447222,0.001,10602
2018-03-16,3864067.1039254316,10379,521665544.9101796,5.22,21433900.0,5.22,11.92133031,0.001,4438
2018-03-17,1314221.6070919929,13418,500805468.5466377,5.01,19627900.0,5.01,11.78697773,0.001,4785
2018-03-18,3431749.839171787,22755,457806829.9319728,4.58,22563500.0,0.0082464274,84.10907944,0.001,9990
2018-03-19,2596278.7629447742,27800,438902139.5833334,4.39,19329400.0,0.00439,26.27297756,0.001,6605
2018-03-20,2421881.2300590957,21826,485474372.5099602,4.85,23723900.0,4.820899999999999e-05,21.18657401,0.001,3854
2018-03-21,1978188.394185977,22927,503326950.0,5.03,21143800.0,4.0743000000000006e-05,22.85100105,0.001,3470
2018-03-22,1519350.91849705,29145,500435550.935551,5.0,20288200.0,0.0013451000000000001,28.13998031,0.001,10545
2018-03-23,4890092.685398684,100173,482076914.89361703,4.82,18434200.0,9.64,111.91542445,0.001,7640
2018-03-24,4699420.302833257,149558,476672000.0,4.77,22757700.0,14.30523,155.8669953,0.001,7066
2018-03-25,2950654.3802430877,114387,469633122.3628692,4.7,20281200.0,9.4,176.46500031,0.001,12574
2018-03-26,4302498.100207492,92438,472690772.20956725,4.73,18962800.0,14.185270000000001,97.9310006,0.001,6952
2018-03-27,2549539.6456658067,62197,437374267.63990265,4.37,18969500.0,13.105630000000001,258.96420098,0.001,5912
2018-03-28,4870540.577042045,167714,412077552.9411765,4.12,20722100.0,12.35588,167.806001,0.001,4924
2018-03-29,5351911.468410495,95527,425677902.4390244,4.26,19824800.0,12.775739999999999,97.29050633,0.001,11045
2018-03-30,2025150.8474572885,64711,367212203.9106145,3.67,18422800.0,11.00633,71.46349744,0.001,6139
2018-03-31,985081.9839705062,37224,357898418.73278236,3.58,16178399.999999998,10.73642,35.47201347,0.001,6393
2018-04-01,1905928.0300068427,78483,363107131.80515754,3.63,17474100.0,7.26,1152.21922339,0.001,12651
2018-04-02,3972997.9395760447,99246,350793694.1489362,3.51,21036900.0,10.526489999999999,102.76002999,0.001,7222
2018-04-03,3175191.0783380894,46656,375755832.09876543,3.76,25762400.0,11.28,45.88542398,0.001,5093
2018-04-04,2577072.1406779983,70470,405773944.59833795,4.06,16433600.0,12.175939999999999,191.913022,0.001,7543
2018-04-05,1740141.2841985489,63820,360588297.752809,3.61,18183800.0,7.22,62.70253035,0.001,12805
2018-04-06,2735726.8396077305,99407,353078097.3451327,3.53,14229200.0,10.58647,98.29402546,0.001,6860
2018-04-07,2094616.4335628839,74807,339728957.74647886,3.4,18526000.0,10.2,77.54253554,0.001,5937
2018-04-08,1580747.6774259366,68258,354886868.13186806,3.55,16253799.999999998,7.1,1152.14703305,0.001,12368
2018-04-09,2847700.1793426005,64381,364330432.27665704,3.64,15736199.999999998,10.916360000000001,63.06554003,0.001,6750
2018-04-10,2798819.2026957897,73925,348427047.0914127,3.48,16422300.0,10.43652,73.14352804,0.001,7673
2018-04-11,3541311.92809322,67261,361234034.1207349,3.61,19941700.0,10.83,66.71752302,0.001,5126
2018-04-12,2213905.2989200903,58296,380218705.0359712,3.8,21516200.0,7.6,95.401031,0.001,13471
2018-04-13,2935612.0798315913,52852,416822944.31554526,4.17,26641100.0,12.50583,55.95652242,0.001,8520
2018-04-14,3160197.968250913,73764,430686461.3733905,4.31,26077800.0,12.92569,80.85654556,0.001,7886
2018-04-15,4413750.373404806,108096,467131254.5824847,4.67,26946799.999999996,9.34,1198.73254697,0.001,17003
2018-04-16,3560006.5766690825,50484,491208827.8008298,4.91,26720800.0,9.82,48.55555212,0.001,10405
2018-04-17,5632308.577818665,89650,484550010.6157112,4.85,28594800.0,14.54515,89.19144401,0.001,7742
2018-04-18,3655570.9196254634,46940,471225509.09090906,4.71,29511600.0,9.42,45.80304398,0.001,12519
2018-04-19,5663740.354899842,128042,497019956.0229445,4.97,30285200.0,14.90503,131.09700346,0.001,12100
2018-04-20,3831215.2005971097,81904,523931694.5996276,5.24,36027400.0,15.714760000000002,83.68655745,0.001,9075
2018-04-21,5112924.5427982295,124178,536360108.7378641,5.36,28699900.000000004,16.074640000000002,122.92605203,0.001,8362
2018-04-22,2640350.3428211343,68395,514682847.49034756,5.15,26916600.0,10.3,1165.03155804,0.001,14024
2018-04-23,4123747.644690563,61258,515966589.9280576,5.16,30460200.0,15.47484,58.48556944,0.001,9431
2018-04-24,3793364.491859863,58437,555964727.8797996,5.56,36611400.0,11.12,57.69915096,0.001,11850
2018-04-25,3645815.1487081554,49739,595097023.5756385,5.95,29605200.0,17.844050000000003,48.69813,0.001,8064
2018-04-26,4354577.991880318,94466,513681853.3094812,5.14,30401599.999999996,15.41486,98.189052,0.001,14166
2018-04-27,5698991.148812407,109911,558717954.4626594,5.59,27561500.000000004,16.76441,108.15703895,0.001,5850
2018-04-28,13769057.901650924,150161,546952508.5271317,5.47,74545904.0,16.40453,155.22815804,0.001,8571
2018-04-29,45518375.21313913,95367,646135466.4764622,6.46,124323999.99999999,19.38,1191.91506681,0.001,24612
2018-04-30,13677679.547022745,86085,700912244.4113263,7.01,52958700.0,21.02299,84.79251307,0.001,8202
2018-05-01,8460221.076725107,111805,672011824.0469208,6.72,36221300.0,20.15328,111.019901,0.001,4966
2018-05-02,11106573.122891834,142093,681398923.5924932,6.81,43600200.0,20.423189999999998,140.02419201,0.001,7484
2018-05-03,8847820.415063608,68266,745013320.5619413,7.45,46859200.0,14.9,70.30654258,0.001,14761
2018-05-04,11871730.862954987,60243,782856990.9326426,7.83,39694400.0,23.48217,63.14553203,0.001,6365
2018-05-05,6744406.18822823,65743,770964286.1035422,7.71,34997800.0,23.12229,65.72050044,0.001,4239
2018-05-06,4681849.281306892,71735,733583890.6474819,7.34,29302600.0,14.68,1170.97551597,0.001,13442
2018-05-07,6103524.264037166,82279,694603453.4534535,6.95,30819700.0,20.84305,82.12651005,0.001,8647
2018-05-08,4455133.755408479,63584,666692075.1533743,6.67,29039899.999999996,20.003330000000002,64.5215,0.001,5360
2018-05-09,5984087.382084371,115774,648340900.1490314,6.48,31702700.0,19.43352,116.7755,0.001,7616
2018-05-10,6908618.52047871,114258,668873013.8888888,6.69,30911200.0,13.38,117.70950462,0.001,11737
2018-05-11,6682564.901053851,97204,646462093.4891485,6.47,30847199.999999996,19.40353,101.96846086,0.001,8177
2018-05-12,6442245.555462424,139471,596282668.8102894,5.96,27323400.000000004,17.87404,143.6595,0.001,5156
2018-05-13,5194291.396312,78283,625212138.5083714,6.25,29907500.0,12.5,1186.04601035,0.001,13614
2018-05-14,4495278.111112932,86001,660185000.0,6.6,32230800.0,19.7934,85.23406777,0.001,7023
2018-05-15,5307576.057926208,62092,660456097.5609756,6.6,32033500.0,19.7934,62.97440098,0.001,5339
2018-05-16,12066533.10702898,53292,613829278.0487804,6.14,29288500.0,18.41386,53.57402,0.001,8155
2018-05-17,6477951.805479852,69029,617126180.2426344,6.17,27222400.0,12.34,72.11450359,0.001,14510
2018-05-18,6696288.850643593,80925,578150241.7218543,5.78,30762400.0,17.334220000000002,83.40000256,0.001,8359
2018-05-19,10022745.529775131,120856,605112796.6101694,6.05,29222600.0,18.14395,120.8655,0.001,7398
2018-05-20,4312342.448878628,84245,591131441.5156507,5.91,28313700.0,11.81409,1212.47051317,0.001,14393
2018-05-21,7055465.933124814,117412,606515870.2422146,6.07,30064300.0,18.203930000000003,116.98301019,0.001,7361
2018-05-22,17264470.06325923,86471,578302236.6412214,5.78,31049600.000000004,17.334220000000002,86.16173901,0.001,7769
2018-05-23,19042463.287805844,73984,525194701.98675495,5.25,23755200.0,10.5,72.608922,0.001,8131
2018-05-24,7086093.716658,108183,452928623.9495799,4.53,23032900.0,9.06,110.43743869,0.001,14536
2018-05-25,3924593.671676516,53033,477092838.92617446,4.77,20935600.0,14.30523,54.60826144,0.001,5771
2018-05-26,3614550.8635853766,67998,446480621.00456625,4.46,21695600.0,8.92,71.1432429,0.001,5701
2018-05-27,3245002.5663839313,79824,438777379.1469194,4.39,20537400.0,8.78,1207.86301261,0.001,10977
2018-05-28,5221884.800843874,115524,422021696.6580976,4.22,22225000.0,8.44,112.86149879,0.001,6472
2018-05-29,3078849.308374661,84531,388709378.1902553,3.89,24131500.0,11.666110000000002,83.34098296,0.001,5378
2018-05-30,7249408.127849934,132070,430752335.8208955,4.31,29197700.0,8.62,131.21736,0.001,5148
2018-05-31,6183473.158043487,59679,401690622.3277909,4.02,32115900.0,8.04,61.68808858,0.001,12118
2018-06-01,2511944.0534917023,75434,421229728.3653846,4.21,26609800.0,8.42,76.20917608,0.001,5858
2018-06-02,3464519.3795374245,111620,415655259.2592593,4.16,25845600.0,8.32,110.41456171,0.001,5448
2018-06-03,2917873.2448666394,73407,431245020.5479452,4.31,27913200.0,8.62,1204.27513554,0.001,11983
2018-06-04,2645194.4317192403,44242,440785922.33009714,4.41,27343200.0,8.82,42.94544719,0.001,6097
2018-06-05,3301303.690978507,44062,411909398.1481481,4.12,26460700.0,8.24,42.60881798,0.001,5532
2018-06-06,3447123.288443893,59491,432685273.1481481,4.33,24931200.0,8.66,62.08346608,0.001,5491
2018-06-07,4507697.892759225,78720,432527896.4757709,4.33,29436400.0,8.66,139.746554,0.001,12182
2018-06-08,9790279.653553853,95415,455144772.7272727,4.55,42605100.0,9.1,101.98897406,0.001,6893
2018-06-09,4651426.046707164,52144,462409260.27397263,4.62,29148000.0,13.85538,57.133711,0.001,4810
2018-06-10,4214923.511360437,69158,437745937.007874,4.38,22437400.0,8.76,1213.40569132,0.001,10274
2018-06-11,2325481.036209512,57690,380874632.3907455,3.81,20485500.0,7.62,57.31836562,0.001,5824
2018-06-12,1234004.1260562707,1869,389529259.15492964,3.89,23858900.0,0.0252893568,17.28340296,0.001,1661
2018-06-13,4846557.8612078335,2190,355876601.22699386,3.56,28242000.0,0.0052516763999999995,12.47500117,0.001,8465
2018-06-14,1703352.5683616975,1959,325357681.56424576,3.25,28851400.0,11.375,1.9655,0.001,1559
2018-06-15,1647545.54093922,3069,357770754.38596493,3.58,21531500.0,1.5751849998,5.18497602,0.001,2321
2018-06-16,659879.5631108055,2456,340848662.8242075,3.41,21571600.0,0.0233996246,1.295186,0.001,2196
2018-06-17,718697.4775849632,9657,347705223.5294118,3.48,16771900.0,0.0015306606,1161.90700417,0.15,7785
2018-06-18,1246529.2988109088,3604,339007409.8360656,3.39,21505300.0,0.0033900000000000002,1.47067003,1e-06,3205
2018-06-19,929284.42288729,2808,370027750.0,3.7,21524600.0,0.0037,2.398568,0.001,2524
2018-06-20,3183631.581215412,2991,360477729.7297297,3.6,25665000.0,0.023046444,2.3821842,0.001,3037
2018-06-21,1928199.3698566072,3183,369990593.220339,3.7,23635000.0,0.0037,5.40019157,0.001,9518
2018-06-22,2773981.6564021246,4454,353810876.7123288,3.54,20929600.0,0.016406731799999998,5.50869542,1e-05,4121
2018-06-23,1505563.690946703,2636,290536187.7133106,2.91,22509900.0,0.0029100000000000003,5.79419142,0.001,2610
2018-06-24,2038143.2995629907,11513,293048653.13653135,2.93,20921300.0,0.0027026906,1174.72570207,0.15,9915
2018-06-25,902334.881166916,6998,270834660.6498195,2.71,20366700.0,0.0174524,5.15721358,0.001,7034
2018-06-26,1091407.7997868955,5641,276761651.16279066,2.77,17806900.0,0.00277,5.43030808,0.001,6388
2018-06-27,1773476.325911411,2095,258879256.22775796,2.59,39263300.0,0.02049328435,3.2895,0.001,3573
2018-06-28,1069364.3619884104,3870,279417401.5748031,2.79,25903199.999999996,0.00279,6.6620456,0.001,11245
2018-06-29,1703283.5531007405,3433,254653160.91954023,2.55,16409900.0,0.0025499999999999997,2.77715244,0.001,4837
2018-06-30,1170630.321168301,3268,259195136.98630133,2.59,32676600.0,0.0083351121,5.483224,0.001,3225
2018-07-01,561267.8453739947,1645,293414912.58741266,2.93,16877300.0,0.14650000000000002,1.66300142,0.001,1550
2018-07-02,753149.9849934346,10420,286379800.6430868,2.86,19161600.0,0.0015280408,1176.71201318,0.15,8387
2018-07-03,663536.9979346656,1599,310892544.8504983,3.11,18132300.0,3.11,2.16460284,0.001,1387
2018-07-04,903048.95118828,2209,300397324.41471565,3.0,13212500.0,0.03,20.753877,0.001,2036
2018-07-05,594963.0527022321,4400,302092764.50511944,3.02,13352800.0,0.00604,6.84423763,0.001,10650
2018-07-06,1361112.1601238032,3687,295194680.1346801,2.95,15700299.999999998,0.008131217750000001,5.36268949,0.001,3588
2018-07-07,388813.34256103955,3452,298677238.410596,2.99,13137700.0,0.0029900000000000005,2.379231,0.001,3466
2018-07-08,427956.53563532187,11954,302572235.2941176,3.03,11797800.0,0.0019642732499999998,1197.23774138,0.15,10639
2018-07-09,413845.6265740756,4684,301957148.6486487,3.02,11281800.0,0.00302,31.20374455,1e-06,4470
2018-07-10,876318.9722561243,2773,296851500.0,2.97,12811600.0,0.01062073485,25.41300744,0.001,2958
2018-07-11,728763.9184175256,1972,267902095.94095942,2.68,11540599.999999998,0.21143771560000002,24.014,0.001,2220
2018-07-12,734684.6186786651,2124,273022923.6641221,2.73,11593800.0,0.0032630052,21.27100409,0.001,9113
2018-07-13,526597.3729731379,6506,263368003.73134324,2.63,10483400.0,2.63e-08,27.48801199,0.001,2718
2018-07-14,300184.464734564,1447,268322574.54545456,2.68,10825100.0,0.00268,17.033,0.001,4120
2018-07-15,471393.69744222244,9112,274604438.4057971,2.75,8995280.0,0.0017963000000000002,1188.05200157,0.15,9236
2018-07-16,510224.1500486087,2723,276098907.8498293,2.76,12620399.999999998,0.0276,17.87851331,0.001,2949
2018-07-17,1351178.1090939976,2239,291970051.28205127,2.92,16767700.0,3.504,66.8865,0.001,1484
2018-07-18,1726876.5252702748,3460,310670824.6753247,3.11,20361000.0,0.01698061555,182.859122,0.001,2197
2018-07-19,1703688.6750692732,5297,307949020.6896552,3.08,14912200.0,0.0032702824,258.53550416,0.001,9620
2018-07-20,1890736.3700874068,2525,290266759.5818815,2.9,17149900.0,0.028999999999999998,3.785,0.001,3611
2018-07-21,466315.6574468714,1184,287147907.8498293,2.87,13783100.0,0.17794977235,5.21,0.001,2029
2018-07-22,2472509.302210346,1495,293501829.0909091,2.93,16725400.0,33.5387930272,1.515,0.001,1048
2018-07-23,1544078.502754789,2241,275984723.24723244,2.76,14873300.0,0.0015898014,6.7515,0.001,8790
2018-07-24,1696796.740770797,2035,271444278.8104089,2.71,16611800.000000002,88.4543476428,2.107,0.001,1244
2018-07-25,855544.9732842993,1693,265655764.70588234,2.66,13164999.999999998,18.62,2.318,0.001,1169
2018-07-26,986227.3082081587,1771,271108810.6060606,2.71,11437500.0,0.0040462197,5.626,0.001,8688
2018-07-27,636575.4660553728,2580,264385082.7067669,2.64,11130900.0,5.26944,2.44530294,0.001,2274
2018-07-28,412193.69776521454,1543,267304858.20895517,2.67,13859199.999999998,5.32932,5.301,0.001,1833
2018-07-29,269082.39151129016,1252,271479853.3834586,2.71,12122400.0,0.0011748392,5.148,0.001,7187
2018-07-30,759675.1777836592,2501,266190443.57976657,2.66,13146100.000000002,0.056532740600000006,2.7295,0.001,2405
2018-07-31,1592395.9731092656,3464,257507493.67088604,2.57,8515840.0,132.57703257999998,3.559,0.001,1157
2018-08-01,1978057.112425228,4557,237417371.68141595,2.37,6048860.000000001,135.09,5.8045,0.001,1533
2018-08-02,3891541.749478956,4362,226630074.0740741,2.27,14925900.0,0.0087635847,9.61426316,0.001,9103
2018-08-03,1783082.6846972867,5282,187805902.70270267,1.88,8055989.999999999,44.7566131456,5.195306,0.001,2021
2018-08-04,991187.4810880146,2507,185908021.97802198,1.86,4921980.0,46.5,6.5135,0.001,1619
2018-08-05,777930.833434937,2251,181756684.49197862,1.82,3437270.0,0.0014547624,6.4685,0.001,7445
2018-08-06,836856.7057117696,3138,187388306.01092896,1.87,3375840.0,9.350000000000001,3.3485,0.001,2024
2018-08-07,879948.5209166921,2386,184415045.45454547,1.84,5663310.0,33.120000000000005,2.484,0.001,1411
2018-08-08,801405.7910836207,3061,175607142.85714287,1.76,5172200.0,1.76,3.2555,0.001,1665
2018-08-09,630159.4617520272,3134,168127415.73033708,1.68,4029810.0,0.005382972,7.556,0.001,8653
2018-08-10,1551898.548234297,3430,177620738.63636363,1.78,7980710.000000001,16.019923637999998,3.49080753,0.001,1447
2018-08-11,1585116.817641315,3981,175325000.0,1.75,8951110.0,7.0597170875,7.177,0.001,2141
2018-08-12,2498336.801051892,2660,182412592.23300973,1.82,14883600.0,0.0020397104,6.7565,0.001,7648
2018-08-13,3401851.9336025678,2407,207016559.99999997,2.07,14084200.0,2.0377476404999997,2.6135,0.001,2223
2018-08-14,4747282.69893144,2355,199713978.49462363,2.0,5098890.0,2.74487378,2.706,0.001,2198
2018-08-15,1052913.796955528,1983,186072492.30769232,1.86,4133930.0,152.6497819836,2.9735,0.001,981
2018-08-16,3247824.911937567,3406,195046760.20408162,1.95,3398700.0,0.0038493195,7.323,0.001,10038
2018-08-17,641643.466266418,2483,196185972.09302324,1.96,4178410.0,0.0392,7.67,0.001,2146
2018-08-18,411449.3894886105,2671,215499619.04761904,2.15,3680330.0,0.0019741299999999997,2.884,0.001,1325
2018-08-19,592280.484380844,2161,210392777.77777776,2.1,2950140.0,0.0006314280000000001,6.038806,0.001,7808
2018-08-20,1224904.3712646335,2298,216156521.73913047,2.16,2726180.0,0.0438968592,2.547,0.001,2379
2018-08-21,561848.6296354148,1606,206894093.02325583,2.07,3416780.0,0.16382432295,1.7245,0.001,1443
2018-08-22,1190982.271413657,862,214553300.97087377,2.15,4456740.0,6.4457,0.9145,0.001,830
2018-08-23,343514.658314145,1446,204823497.75784752,2.05,3023120.0,0.0020006154999999996,5.554,0.001,8581
2018-08-24,16022710.566855177,5767,223284253.2188841,2.23,2707400.0,49.800097361750005,6.0975,0.001,5469
2018-08-25,309839.04138303024,956,232819548.9361702,2.33,2680160.0,0.233,4.7295,0.001,1250
2018-08-26,6871904.868135529,1177,234477309.41704038,2.35,2718070.0,0.0005898265,5.2105,0.001,7406
2018-08-27,3768872.7540959273,1929,222230880.00000003,2.22,2686800.0,0.0053543736,2.498,0.001,2463
2018-08-28,2066867.8402866074,2139,224681828.19383258,2.25,3538880.0,9.9747,2.5244,0.001,1534
2018-08-29,1137095.940191672,1538,227300931.19266054,2.27,4047969.9999999995,6.5212572485,1.6005,0.001,1050
2018-08-30,612932.6889564128,1495,217729596.15384617,2.18,4123340.0,0.00218,5.505,0.001,8768
2018-08-31,447754.0316489136,2799,208254654.20560747,2.08,4609450.0,0.044011718400000004,3.38781365,0.001,3101
2018-09-01,433263.51350574906,2663,213906495.4954955,2.14,3682020.0,0.00428,9.7195,0.001,7740
2018-09-02,1039000.9611796405,4040,222284830.18867925,2.22,3322719.9999999995,0.0029814933,18.5415,0.001,29928
2018-09-03,597858.8533018911,8009,212703901.34529147,2.13,3960510.0,0.00213,39.623,0.001,69283
2018-09-04,1354712.0615235425,7300,223053326.08695653,2.23,5207530.0,0.00223,8.44827387,0.001,8936
2018-09-05,986250.214870975,21674,230240349.99999997,2.3,3111260.0,0.0023,33.5155,0.001,43561
2018-09-06,1307608.6642036,2218,199950505.05050504,2.0,2827340.0,0.00305262,8.3315,0.001,12346
2018-09-07,785335.6742944086,21430,198313851.06382978,1.98,4811480.0,0.00198,24.6203213,0.001,26472
2018-09-08,1469641.3049628953,4612,189193871.13402063,1.89,4906060.0,0.00378,5.545,0.001,5696
2018-09-09,1385653.3647580042,20887,194051871.657754,1.94,4012510.0,0.0019399999999999999,30.397,0.001,29767
2018-09-10,5147248.476662074,6766,187026484.97854078,1.87,24734100.0,0.0018700000000000001,9.6555,0.001,9991
2018-09-11,3743622.8802934843,5967,232210054.05405402,2.32,17277700.0,0.00232,9.156,0.001,10787
2018-09-12,1528360.748512182,3017,221966303.57142857,2.22,9690340.0,0.00444,4.6925,0.001,5261
2018-09-13,1043167.3802603201,2956,224401180.32786888,2.24,16952500.0,0.0044800000000000005,9.271,0.001,14626
2018-09-14,3319364.417417293,2937,246237406.11353713,2.46,8482650.0,0.0095044314,4.34837439,0.001,4336
2018-09-15,692933.1384814224,1721,229311639.1304348,2.29,2972100.0,0.00458,7.7407,0.001,4508
2018-09-16,454147.47153334017,2668,230632453.33333334,2.31,2088120.0,0.00231,7.9475,0.001,10604
2018-09-17,2103458.8305998472,3098,225231428.57142854,2.25,2306610.0,0.0045000000000000005,11.296002,0.001,5519
2018-09-18,1920108.45205158,2580,210453209.3023256,2.1,2627130.0,0.0423967425,7.96655,0.001,3350
2018-09-19,4640564.434683067,2514,215841092.5110132,2.16,14680600.0,0.00432,13.66955,0.001,9834
2018-09-20,9522174.681809448,3614,227668178.57142854,2.28,17634800.0,0.011058182399999998,10.1475,0.001,11229
2018-09-21,3196066.0050699315,3367,223410160.7142857,2.23,14374600.0,0.00223,1008.9464376,0.001,13337
2018-09-22,996040.5580841185,1496,223660859.81308413,2.24,6440330.0,2.24,1.97700101,0.001,1529
2018-09-23,2436780.376736413,3883,213257842.10526314,2.13,18005700.0,0.0026198999999999997,22.3802,0.001,28415
2018-09-24,1177779.2366002619,4481,228227999.99999994,2.28,7921500.0,0.0031960584,5.27705,0.001,5406
2018-09-25,2258810.567383289,2138,221730940.09216592,2.22,6502840.0,0.0024664200000000004,6.1056,0.001,7974
2018-09-26,3930946.678907986,2810,216265634.04255322,2.16,17278800.0,0.055860926400000004,3.5645,0.001,3079
2018-09-27,3206843.409705605,3011,236553701.2987013,2.37,10826800.0,0.0026354163,1014.9821,0.001,25899
2018-09-28,1141868.094316452,2278,230376742.08144796,2.3,7152760.0,0.0026334999999999996,13.42785192,0.001,14498
2018-09-29,965548.2362070492,1792,220947238.73873872,2.21,4177000.0,1.2117586025999998,3.0821001,0.001,1693
2018-09-30,570891.0535483363,1641,221107486.36363634,2.21,4126900.0,0.002431,9.55110056,0.001,8332
2018-10-01,961867.4883920961,3322,220124837.20930234,2.2,6515430.0,0.216910012,4.33778049,0.001,3216
2018-10-02,922862.8584286429,2568,215471580.18867922,2.15,4353180.0,0.0021715,4.61350035,0.001,5251
2018-10-03,2626661.2375199297,3120,212857668.22429904,2.13,7051150.0,5.8883849999999995,3.42550013,0.001,2697
2018-10-04,1081824.5436760741,2548,214249000.0,2.14,4940890.0,0.011991982200000001,7.81610009,0.001,9641
2018-10-05,3013305.77325712,2993,214805522.72727272,2.15,7130810.0,1.1703521452499999,8.66260044,0.001,2957
2018-10-06,1580260.526403614,3227,220516792.4528302,2.2,7078420.0,0.046193554000000005,3.94894886,0.001,3921
2018-10-07,1025391.911774525,1973,213038179.245283,2.13,4451390.0,0.00213,28.58155001,0.001,8438
2018-10-08,1361677.6797726697,2759,213379219.6261682,2.13,6329040.0,0.0264470811,3.84400003,0.001,4216
2018-10-09,864470.9297949336,2207,215863098.5915493,2.16,12126800.000000002,0.0064800000000000005,535.03805001,0.001,2569
2018-10-10,2853382.7103962693,1999,213404900.94339618,2.13,7758380.0,27.722125522649996,2.65810001,0.001,1499
2018-10-11,4453271.756677064,2442,212222203.20855615,2.12,8808830.0,0.0021200000000000004,11.04120002,0.001,16314
2018-10-12,1056654.677927076,2520,186899537.23404258,1.87,5017790.0,0.0187,4.16304273,0.001,3462
2018-10-13,1977602.4492356658,2085,188130306.8783069,1.88,3346790.0,0.00188,1006.65110102,0.001,5515
2018-10-14,1206040.328552115,4084,188654000.0,1.89,4084220.0,0.0044208234,14.62360203,0.001,11151
2018-10-15,878454.2249473725,3599,188813820.89552242,1.89,7021190.0,0.0693076986,4.8125603,0.001,4890
2018-10-16,1423712.7743576523,2461,200615000.0,2.01,6364950.0,0.0020099999999999996,14.96500007,0.001,5876
2018-10-17,889077.8118250492,2374,201716403.94088674,2.02,6972010.0,0.00202,5.31190066,0.001,4184
2018-10-18,1192578.572209761,2126,202920432.160804,2.03,6483520.0,0.0020299999999999997,1009.01205016,0.001,13142
2018-10-19,1483201.1470454743,2269,199299525.77319586,1.99,5348150.0,0.00199,12.73605065,0.001,7402
2018-10-20,1130249.5156536924,3698,194000000.0,1.94,5905280.0,0.0019399999999999999,21.51746274,0.001,29814
2018-10-21,1370220.6023743774,2693,195689171.7171717,1.96,7447430.0,0.00196,15.93250006,0.001,22772
2018-10-22,2071081.4532522443,3787,198337824.74226806,1.98,5408590.0,0.00198,9.63730135,0.001,12505
2018-10-23,2856874.8258187035,3464,194167411.16751269,1.94,8374640.000000001,4.656e-05,213.01500028,0.001,10569
2018-10-24,2930161.822058895,4728,196294000.0,1.96,8344589.999999999,9.408000000000001e-05,539.16850325,0.001,11405
2018-10-25,3349023.8214488127,8302,195596943.58974358,1.96,5823140.0,0.0101778684,8.51713753,1e-08,13693
2018-10-26,10318661.97064196,7802,194217361.2565445,1.94,6261370.0,99.3740275088,8.52605186,1e-08,5736
2018-10-27,3788506.5340503287,3314,191093489.47368422,1.91,4990250.0,19.099999999999998,20002.51138097,0.001,3522
2018-10-28,1732223.3677509706,2863,190696410.52631578,1.91,4978870.0,0.00382,23.9601001,0.001,40642
2018-10-29,2554073.7743943194,3344,189305797.752809,1.89,6265960.0,2.2679999999999997e-07,1016.8301503,0.001,25770
2018-10-30,6442030.056683908,3303,179223750.0,1.79,5319870.0,2.148e-07,12.36310011,0.001,18633
2018-10-31,1648307.3519509644,2538,177369646.4088398,1.77,6702810.0,0.0177,1017.43565024,0.001,27422
2018-11-01,1791075.1695593745,2374,181119362.16216218,1.81,6467550.0,0.00247695785,10.06400007,0.001,13289
2018-11-02,1571500.73932538,2671,185264000.0,1.85,4998820.0,0.003885,1009.62133973,0.001,4901
2018-11-03,1124042.25294112,2405,185019892.47311828,1.85,4234550.0,0.005180000000000001,45.24000065,0.001,4749
2018-11-04,1403940.4377924348,2831,186141032.96703297,1.86,4184830.0,9.666420000000001e-05,44.11470028,0.001,18512
2018-11-05,1539705.4366666155,3112,182379082.8729282,1.82,5095370.0,0.036612758,1049.88100101,0.001,3410
2018-11-06,1393813.948700628,2870,181589510.86956522,1.82,5065320.0,0.008918,1026.18932626,0.001,6106
2018-11-07,862305.4667351353,2431,184401180.32786885,1.84,4760070.0,2.5184709004,1024.50850024,0.001,1656
2018-11-08,890903.4120421623,2486,183063346.15384614,1.83,4520230.0,0.00054948495,3052.76151839,0.001,13986
2018-11-09,977846.4275456058,2715,181775602.27272728,1.82,3821640.0,0.00182,15.34038125,0.001,4416
2018-11-10,505213.77997129597,3019,176275000.0,1.76,3344670.0,0.032568536,1008.25150018,0.001,3351
2018-11-11,912948.1593376847,1915,175713109.82658958,1.76,4139880.0,0.00176,548.6985002,0.001,9790
2018-11-12,991042.0826714856,2030,173613000.0,1.74,4773620.0,0.00696,25.42971136,0.001,5699
2018-11-13,855646.3419938303,2360,172659029.06976745,1.73,4073700.0000000005,0.0017300172999999998,38.6060103,0.001,9889
2018-11-14,1077704.277716617,2092,171369360.0,1.71,5488710.0,0.3932063262,17.73601008,0.001,2272
2018-11-15,1375396.7925287317,2654,150638394.7368421,1.51,4515360.0,0.00151,2009.2413612,0.001,11773
2018-11-16,1764971.116036333,1698,152422335.5704698,1.52,4387120.0,0.00304,3.6501001,0.001,4420
2018-11-17,8142446.655920114,2302,150171140.9395973,1.5,5479690.0,0.009172244999999999,6.82760025,0.001,2827
2018-11-18,1305521.756119695,2418,150214144.7368421,1.5,3374240.0,0.00223809,1007.93700143,0.001,8855
2018-11-19,4687382.843565722,3616,151476837.2093023,1.52,9561620.0,0.0123097352,5.30350111,0.001,5083
2018-11-20,2480640.2359454976,3410,128419887.85046728,1.28,6182380.0,0.00512,80.32350019,0.001,5761
2018-11-21,1473920.0787833363,2449,106568310.34482759,1.07,3733990.0,0.005350000000000001,17.0275001,0.001,5265
2018-11-22,808668.1580211649,2350,114828018.01801799,1.15,3731090.0,1.3799999999999997e-07,1013.27760107,0.001,19590
2018-11-23,913066.524518753,1878,110369000.0,1.1,3961920.0,0.05280000000000001,3.25096704,0.001,1762
2018-11-24,391663.55385370407,1840,110000000.00000001,1.1,2638930.0,0.02662957,6.80200412,0.001,2134
2018-11-25,794411.5658253423,2015,99586353.66923076,0.991706,3879810.0,0.00058115955012,19.2644002,0.001,8457
2018-11-26,513154.028374676,2067,104000000.0,1.04,3336280.0,0.015872251200000003,2.76950009,0.001,2923
2018-11-27,1004055.7702867625,2302,98510000.0,0.9851,2692660.0,0.18437141943549998,532.42560416,0.001,1847
2018-11-28,2415042.41488295,2650,99890434.7826087,1.0,5416170.0,4.9557582,3.44600308,0.001,2482
2018-11-29,2077219.5445386528,2265,114687024.62499999,1.15,4737887.0,0.005539279749999999,7.0900001,0.001,8356
2018-11-30,2524202.908281048,2981,120114944.1322314,1.2,6119033.0,21.151342680000003,4.19750012,0.001,1691
2018-12-01,3558019.451522131,3632,122379895.8,1.22,8968716.0,0.36319436599999994,7.47623407,0.001,2992
2018-12-02,4262704.823146294,3404,139639297.08860758,1.4,12830836.0,0.004856068,7.7321011,0.001,8702
2018-12-03,4265859.92838433,4072,157568420.8648649,1.58,11208827.0,0.15800000000000003,1004.55560007,0.001,3119
2018-12-04,16093997.342451314,6614,147699682.0829493,1.48,61068743.0,102.21921957,1006.74520321,0.001,3514
2018-12-05,9522472.065223597,3254,217620092.3478261,2.18,29357165.0,2.19962,1004.28310032,0.001,3426
2018-12-06,6772192.094073641,2342,183447730.9932886,1.83,9763196.0,0.00549,6.80350014,0.001,9831
2018-12-07,4634442.661050015,1726,150272558.0,1.5,6509154.0,2.24325,1004.01560506,0.001,1643
2018-12-08,1143346.641689655,1683,150945234.78481013,1.51,5357524.0,0.00151,1006.13550009,0.001,3066
2018-12-09,4275989.037728003,2316,156604604.73529413,1.57,9027674.0,0.001284888,18.48510032,0.001,9608
2018-12-10,9134325.29786945,2437,169169191.6050955,1.69,4123543.0000000005,0.0075873901999999995,4.66762025,0.001,3162
2018-12-11,5046679.513193976,3066,156851934.81325305,1.57,5045677.0,0.31743823720000003,3.2359036,0.001,2306
2018-12-12,8278423.238067526,4257,165197951.080402,1.65,17138334.0,60.529143939,24.33550053,0.001,2360
2018-12-13,11661023.296461964,4684,199086922.05741626,1.99,35026459.0,0.0045540553,8.52050356,0.001,9086
2018-12-14,13784581.926582944,4767,211573734.42060086,2.12,39252386.0,208.044923654,5.79014403,0.001,2329
2018-12-15,9237684.392406173,4138,233425721.43265304,2.33,31121529.0,4.658835,1015.50181075,0.001,3051
2018-12-16,9775389.629900388,3816,242979579.0,2.43,29908881.0,0.0017737906500000001,12.42100058,0.001,9089
2018-12-17,9271243.69874395,4144,243095205.88715956,2.43,24743333.0,0.73212984,544.77350027,0.001,3438
2018-12-18,28256271.43504375,6646,257253714.5475504,2.57,77425528.0,173.21029000000001,113.26450055,0.001,3495
2018-12-19,40806897.3466269,7564,348734550.7803618,3.49,118216512.0,174.550605,11.59991884,0.001,4171
2018-12-20,21172488.84274358,5265,373608520.1861575,3.74,139958633.0,0.026837604200000004,2019.70435981,0.001,9602
2018-12-21,14016440.068571767,3560,419114965.86461544,4.19,45208768.0,46.92860757095,4.55050098,0.001,2296
2018-12-22,16903760.184634473,4484,324690726.8494898,3.25,84265834.0,65.0,2009.3540002,0.001,2669
2018-12-23,20178467.999229893,5195,386333024.57978725,3.86,53378646.0,0.0070323796,20012.05550034,0.001,9150
2018-12-24,17226526.268494543,7814,376667752.83109915,3.77,42907700.0,1.131,1016.4726307,0.001,4597
2018-12-25,9177011.411839917,3672,371653715.74925375,3.72,33534700.0,3.72,1006.47600086,0.001,3564
2018-12-26,11154456.737603929,2753,333690902.347561,3.34,26629242.0,0.32064,4.52010034,0.001,3195
2018-12-27,9040951.331273636,2619,327870645.40327865,3.28,15730608.0,0.0056565404,8.57040111,0.001,8661
2018-12-28,5847430.112686776,1979,305306740.18404907,3.05,15155621.0,21.343899999999998,3.34810069,0.001,1582
2018-12-29,6551492.801984487,4064,327212937.03934425,3.27,11224855.0,0.00654,5.47230041,0.001,2978
2018-12-30,6372520.6787832,1973,305376692.7669903,3.05,10808232.0,0.000577243,10.43910051,0.001,8400
2018-12-31,17520735.849786136,2679,309701019.876161,3.1,21489862.0,0.054774954,26.33271044,0.001,2880
2019-01-01,29726577.174115553,3473,326260378.056962,3.26,17751534.0,0.0326,1006.10610356,0.001,3991
2019-01-02,8696560.126392998,5058,318319403.2380952,3.18,14176192.0,0.0318,6.30791043,0.001,4771
2019-01-03,6802678.853966867,3128,315396334.016129,3.15,10588626.0,0.00374300325,1006.64350034,0.001,9140
2019-01-04,8603657.47486245,3003,310679878.33980584,3.11,12094372.0,0.0311,4.50890039,0.001,3021
2019-01-05,21998379.063743174,2177,308354727.71335506,3.08,11661695.0,0.0308,3.64550042,0.001,2495
2019-01-06,5128304.79071831,2565,308018921.3707165,3.08,12685025.0,0.0008041880000000001,10.08710517,0.001,9029
2019-01-07,17434463.529274676,3036,321216228.86440676,3.21,15409171.0,0.032100000000000004,4.81370339,0.001,3598
2019-01-08,11533017.980403906,2433,294735545.2595156,2.95,15761841.0,0.14750000000000002,6.17750522,0.001,2481
2019-01-09,3242608.79362384,2962,289412463.6293706,2.89,13767604.0,0.00289,541.29480215,0.001,8292
2019-01-10,8220294.880810864,2647,286753611.5954198,2.87,21314704.0,4.0180000000000006e-07,2013.77200026,0.001,17978
2019-01-11,9167129.44362999,10401,260588173.11923072,2.61,11321681.0,2.2367699999999996e-05,7.25002874,2e-07,9837
2019-01-12,5501641.8873133985,2061,258553607.52307692,2.59,8891122.0,0.20917749089999998,5.45400122,0.001,1854
2019-01-13,8800478.977600232,3353,259952768.6142322,2.6,17509923.0,0.00111098,7.34100037,0.001,8382
2019-01-14,22217258.507699754,3251,267607877.99272728,2.68,33323810.0,0.04053099340000001,5.05650048,0.001,3502
2019-01-15,3799006.0708043803,2302,273937102.24615383,2.74,16600031.0,1.2336113214,20003.04950628,0.001,2414
2019-01-16,496693.56284223,415,259532431.99999997,2.6,14102644.0,2.6,0.44250003,0.001,470
2019-01-17,1061164.8139798942,550,259642859.23664123,2.6,19423848.0,0.001051206,2.85700003,0.001,4956
2019-01-18,641722.2710959528,379,262258586.80784315,2.62,13659257.999999998,2.62,1.46750004,0.001,468
2019-01-19,716403.946965248,301,256327736.12307692,2.56,10639690.0,15.2064455424,0.34450001,0.001,376
2019-01-20,553769.500258728,465,260095154.88188976,2.6,9885648.0,0.00018616000000000002,2.70000002,0.001,4598
2019-01-21,365297.46894860984,471,253699883.0,2.54,9053180.0,0.006453505,0.72315002,0.001,956
2019-01-22,718851.8887265449,487,253614723.8781362,2.54,23594560.0,13.53312,12.23605008,0.001,535
2019-01-23,1744579.911996909,839,279166402.9180328,2.79,69909033.0,42.10666884,5.35055003,0.001,740
2019-01-24,2423308.751797812,761,304574079.1454545,3.05,41182271.0,0.0021151444999999995,6.43355002,0.001,6873
2019-01-25,1121064.1946774325,542,275076143.68327403,2.75,31324116.0,43.7581925,1.87310012,0.001,501
2019-01-26,598613.7279625159,559,280466463.4074074,2.8,13128785.000000002,36.2253444,1.00905003,0.001,495
2019-01-27,1264496.2373060542,849,270951262.15555555,2.71,31886645.0,0.00043170299999999997,5.38400007,0.001,7172
2019-01-28,1761445.5499222027,685,270729029.06920415,2.71,30872060.0,5.149,1.61311014,0.001,663
2019-01-29,1353373.5432633737,701,291094248.60810816,2.91,35586250.0,0.00795612915,2.23900014,0.001,1992
2019-01-30,3746521.0560484976,999,297327603.3321799,2.97,36132989.0,2.97,3.68450003,0.001,871
2019-01-31,1076041.9135566656,755,288492018.5071429,2.89,13912694.0,0.0018831818,5.63150515,0.001,5630
2019-02-01,843855.9961353453,497,279251444.40659344,2.79,9983975.0,8.508105,3.51050006,0.001,510
2019-02-02,1222361.555545767,718,273120166.1691176,2.73,8901578.0,0.9554999999999999,4.92100005,0.001,710
2019-02-03,3027993.19353144,953,271647071.31914896,2.72,23050834.0,2.9920000000000004,50026.55800003,0.001,1068
2019-02-04,2460681.770192881,804,282239057.2058823,2.82,18231233.0,0.18138877320000002,50044.57130007,0.001,1172
2019-02-05,805098.0557705377,590,272257473.56390977,2.72,17756141.0,22.87812298,51.00005429,0.001,557
2019-02-06,792195.269806773,772,265868830.20717132,2.66,13535404.999999998,2.9260000000000006,31.22600008,0.001,753
2019-02-07,1716858.0075067545,766,251033246.45599997,2.51,15360419.000000002,0.0049655581,2.55600015,0.001,3477
2019-02-08,899715.521371925,607,249959075.4716981,2.5,19771103.0,2.75,60.71400033,0.001,526
2019-02-09,1036195.4191661436,546,266156973.76153848,2.66,14827125.0,0.053200000000000004,1.05365932,0.001,760
2019-02-10,1315853.512794392,584,260404650.8088235,2.6,21019191.0,0.050440000000000006,4.7731001,0.001,828
2019-02-11,1583653.0523977254,752,273162197.19512194,2.73,22215354.0,0.0876631665,2.13105413,0.001,1046
2019-02-12,1348913.168050598,791,287106505.19649124,2.87,22185782.0,0.5189326786,3.81555033,0.001,800
2019-02-13,320293.317399484,501,286177504.08,2.86,11806421.0,0.174049447,1012.30600012,0.001,551
2019-02-14,229874.168622065,969,275307714.6616541,2.75,9811327.0,0.072191185,3.15500047,0.001,1229
2019-02-15,2189001.638529416,838,265750436.20973787,2.66,8507962.0,0.266,2.59421011,0.001,644
2019-02-16,2955387.8116811677,735,267091369.03053433,2.67,8729043.0,10.5450385221,2.49200014,0.001,593
2019-02-17,394236.12942715944,425,261816698.99999997,2.62,11476779.0,0.0026200000000000004,3.972001,0.001,873
2019-02-18,1795010.9275202511,705,261633960.27636367,2.62,16406242.0,0.005240000000000001,20001.56955412,0.001,1670
2019-02-19,2427735.8449292574,709,274599450.26690394,2.75,21888111.0,0.0004345,1.91305102,0.001,1795
2019-02-20,604716.707745668,732,279818010.96085405,2.8,11907010.0,0.00056,2.41185002,0.001,1310
2019-02-21,1215663.175476804,1430,281216624.3789474,2.81,20603393.0,0.021151066700000002,2.97510014,0.001,2399
2019-02-22,865093.998802986,1870,285193632.1232877,2.85,14610268.999999998,0.0456,2.97315324,0.001,1384
2019-02-23,880125.09506826,775,291934523.76632303,2.92,12724681.0,6.6575999999999995,2.20221032,0.001,661
2019-02-24,884216.4325921725,1131,291015566.32835823,2.91,15522367.0,0.0004937688,4.02001025,0.001,4816
2019-02-25,1923262.7048305243,996,267560677.05882353,2.68,12436207.0,0.05736430120000001,4.24460013,0.001,1362
2019-02-26,783440.0449897419,888,271045768.6641791,2.71,8621190.0,0.271,1004.02550215,0.001,908
2019-02-27,1036160.9408212849,1010,267576599.00000003,2.68,12646994.0,5.29568,50005.25311018,0.001,703
2019-02-28,3095020.429060218,1052,267839517.18352062,2.68,17122119.0,0.0104357726,3.27020063,0.001,3616
